Latitude,Longitude,System_ID,unit,value,Time_UTC,Temperature_diff_K,,Datum,Uhrzeit,Zeitdifferenz,UhrzeitUTC,Rest,Uhrzeit umgewandelt in Text,,
51.96626,7.60313,1,°C,16.86,2019-07-16T15:57:01.000Z,0.0,,2019-07-16T,17:57:01,02:00:00,15:57:01,.000Z,15:57:01,,
51.96626,7.60313,1,°C,16.89,2019-07-16T15:57:02.000Z,0.1,,2019-07-16T,17:57:02,02:00:00,15:57:02,.000Z,15:57:02,,
51.96626,7.60313,1,°C,16.86,2019-07-16T15:57:03.000Z,0.0,,2019-07-16T,17:57:03,02:00:00,15:57:03,.000Z,15:57:03,,
51.96626,7.60313,1,°C,16.89,2019-07-16T15:57:04.000Z,0.1,,2019-07-16T,17:57:04,02:00:00,15:57:04,.000Z,15:57:04,,
51.96626,7.60313,1,°C,16.86,2019-07-16T15:57:05.000Z,0.0,,2019-07-16T,17:57:05,02:00:00,15:57:05,.000Z,15:57:05,,
51.96626,7.60313,1,°C,16.89,2019-07-16T15:57:06.000Z,0.1,,2019-07-16T,17:57:06,02:00:00,15:57:06,.000Z,15:57:06,,
51.96626,7.60313,1,°C,16.88,2019-07-16T15:57:07.000Z,0.1,,2019-07-16T,17:57:07,02:00:00,15:57:07,.000Z,15:57:07,,
51.96626,7.60313,1,°C,16.86,2019-07-16T15:57:08.000Z,0.0,,2019-07-16T,17:57:08,02:00:00,15:57:08,.000Z,15:57:08,,
51.96626,7.60313,1,°C,16.88,2019-07-16T15:57:09.000Z,0.1,,2019-07-16T,17:57:09,02:00:00,15:57:09,.000Z,15:57:09,,
51.96626,7.60313,1,°C,16.86,2019-07-16T15:57:10.000Z,0.0,,2019-07-16T,17:57:10,02:00:00,15:57:10,.000Z,15:57:10,,
51.96626,7.60313,1,°C,16.86,2019-07-16T15:57:11.000Z,0.0,,2019-07-16T,17:57:11,02:00:00,15:57:11,.000Z,15:57:11,,
51.96626,7.60313,1,°C,16.85,2019-07-16T15:57:12.000Z,0.0,,2019-07-16T,17:57:12,02:00:00,15:57:12,.000Z,15:57:12,,
51.96626,7.60312,1,°C,16.86,2019-07-16T15:57:13.000Z,0.0,,2019-07-16T,17:57:13,02:00:00,15:57:13,.000Z,15:57:13,,
51.96626,7.60312,1,°C,16.86,2019-07-16T15:57:14.000Z,0.0,,2019-07-16T,17:57:14,02:00:00,15:57:14,.000Z,15:57:14,,
51.96626,7.60313,1,°C,16.86,2019-07-16T15:57:15.000Z,0.0,,2019-07-16T,17:57:15,02:00:00,15:57:15,.000Z,15:57:15,,
51.96626,7.60313,1,°C,16.85,2019-07-16T15:57:16.000Z,0.0,,2019-07-16T,17:57:16,02:00:00,15:57:16,.000Z,15:57:16,,
51.96626,7.60314,1,°C,16.83,2019-07-16T15:57:17.000Z,0.0,,2019-07-16T,17:57:17,02:00:00,15:57:17,.000Z,15:57:17,,
51.96626,7.60314,1,°C,16.86,2019-07-16T15:57:18.000Z,0.0,,2019-07-16T,17:57:18,02:00:00,15:57:18,.000Z,15:57:18,,
51.96626,7.60314,1,°C,16.83,2019-07-16T15:57:19.000Z,0.0,,2019-07-16T,17:57:19,02:00:00,15:57:19,.000Z,15:57:19,,
51.96626,7.60315,1,°C,16.83,2019-07-16T15:57:20.000Z,0.0,,2019-07-16T,17:57:20,02:00:00,15:57:20,.000Z,15:57:20,,
51.96626,7.60315,1,°C,16.85,2019-07-16T15:57:21.000Z,0.0,,2019-07-16T,17:57:21,02:00:00,15:57:21,.000Z,15:57:21,,
51.96626,7.60314,1,°C,16.82,2019-07-16T15:57:22.000Z,0.0,,2019-07-16T,17:57:22,02:00:00,15:57:22,.000Z,15:57:22,,
51.96626,7.60314,1,°C,16.81,2019-07-16T15:57:23.000Z,0.0,,2019-07-16T,17:57:23,02:00:00,15:57:23,.000Z,15:57:23,,
51.96626,7.60314,1,°C,16.83,2019-07-16T15:57:24.000Z,0.0,,2019-07-16T,17:57:24,02:00:00,15:57:24,.000Z,15:57:24,,
51.96626,7.60314,1,°C,16.82,2019-07-16T15:57:25.000Z,0.0,,2019-07-16T,17:57:25,02:00:00,15:57:25,.000Z,15:57:25,,
51.96626,7.60314,1,°C,16.82,2019-07-16T15:57:26.000Z,0.0,,2019-07-16T,17:57:26,02:00:00,15:57:26,.000Z,15:57:26,,
51.96626,7.60313,1,°C,16.81,2019-07-16T15:57:27.000Z,0.0,,2019-07-16T,17:57:27,02:00:00,15:57:27,.000Z,15:57:27,,
51.96626,7.60311,1,°C,16.82,2019-07-16T15:57:28.000Z,0.0,,2019-07-16T,17:57:28,02:00:00,15:57:28,.000Z,15:57:28,,
51.96627,7.60311,1,°C,16.81,2019-07-16T15:57:29.000Z,0.0,,2019-07-16T,17:57:29,02:00:00,15:57:29,.000Z,15:57:29,,
51.96627,7.60311,1,°C,16.79,2019-07-16T15:57:30.000Z,0.0,,2019-07-16T,17:57:30,02:00:00,15:57:30,.000Z,15:57:30,,
51.96627,7.60311,1,°C,16.78,2019-07-16T15:57:31.000Z,0.0,,2019-07-16T,17:57:31,02:00:00,15:57:31,.000Z,15:57:31,,
51.96626,7.60309,1,°C,16.79,2019-07-16T15:57:32.000Z,0.0,,2019-07-16T,17:57:32,02:00:00,15:57:32,.000Z,15:57:32,,
51.96626,7.60309,1,°C,16.78,2019-07-16T15:57:33.000Z,0.0,,2019-07-16T,17:57:33,02:00:00,15:57:33,.000Z,15:57:33,,
51.96626,7.60309,1,°C,16.78,2019-07-16T15:57:34.000Z,0.0,,2019-07-16T,17:57:34,02:00:00,15:57:34,.000Z,15:57:34,,
51.96626,7.60308,1,°C,16.78,2019-07-16T15:57:35.000Z,0.0,,2019-07-16T,17:57:35,02:00:00,15:57:35,.000Z,15:57:35,,
51.96627,7.60308,1,°C,16.79,2019-07-16T15:57:36.000Z,0.0,,2019-07-16T,17:57:36,02:00:00,15:57:36,.000Z,15:57:36,,
51.96626,7.60307,1,°C,16.79,2019-07-16T15:57:37.000Z,0.0,,2019-07-16T,17:57:37,02:00:00,15:57:37,.000Z,15:57:37,,
51.96626,7.60307,1,°C,16.79,2019-07-16T15:57:38.000Z,0.0,,2019-07-16T,17:57:38,02:00:00,15:57:38,.000Z,15:57:38,,
51.96626,7.60306,1,°C,16.81,2019-07-16T15:57:39.000Z,0.0,,2019-07-16T,17:57:39,02:00:00,15:57:39,.000Z,15:57:39,,
51.96626,7.60306,1,°C,16.79,2019-07-16T15:57:40.000Z,0.0,,2019-07-16T,17:57:40,02:00:00,15:57:40,.000Z,15:57:40,,
51.96626,7.60306,1,°C,16.79,2019-07-16T15:57:41.000Z,0.0,,2019-07-16T,17:57:41,02:00:00,15:57:41,.000Z,15:57:41,,
51.96626,7.60306,1,°C,16.81,2019-07-16T15:57:42.000Z,0.0,,2019-07-16T,17:57:42,02:00:00,15:57:42,.000Z,15:57:42,,
51.96626,7.60306,1,°C,16.79,2019-07-16T15:57:43.000Z,0.0,,2019-07-16T,17:57:43,02:00:00,15:57:43,.000Z,15:57:43,,
51.96625,7.60306,1,°C,16.79,2019-07-16T15:57:44.000Z,0.0,,2019-07-16T,17:57:44,02:00:00,15:57:44,.000Z,15:57:44,,
51.96625,7.60306,1,°C,16.81,2019-07-16T15:57:45.000Z,0.0,,2019-07-16T,17:57:45,02:00:00,15:57:45,.000Z,15:57:45,,
51.96623,7.60305,1,°C,16.81,2019-07-16T15:57:46.000Z,0.0,,2019-07-16T,17:57:46,02:00:00,15:57:46,.000Z,15:57:46,,
51.96623,7.60305,1,°C,16.81,2019-07-16T15:57:47.000Z,0.0,,2019-07-16T,17:57:47,02:00:00,15:57:47,.000Z,15:57:47,,
51.9662,7.60305,1,°C,16.81,2019-07-16T15:57:48.000Z,0.0,,2019-07-16T,17:57:48,02:00:00,15:57:48,.000Z,15:57:48,,
51.9662,7.60306,1,°C,16.79,2019-07-16T15:57:49.000Z,0.0,,2019-07-16T,17:57:49,02:00:00,15:57:49,.000Z,15:57:49,,
51.96616,7.60306,1,°C,16.79,2019-07-16T15:57:50.000Z,0.0,,2019-07-16T,17:57:50,02:00:00,15:57:50,.000Z,15:57:50,,
51.96611,7.60306,1,°C,16.78,2019-07-16T15:57:51.000Z,0.0,,2019-07-16T,17:57:51,02:00:00,15:57:51,.000Z,15:57:51,,
51.96611,7.60306,1,°C,16.79,2019-07-16T15:57:52.000Z,0.0,,2019-07-16T,17:57:52,02:00:00,15:57:52,.000Z,15:57:52,,
51.96609,7.60307,1,°C,16.79,2019-07-16T15:57:53.000Z,0.0,,2019-07-16T,17:57:53,02:00:00,15:57:53,.000Z,15:57:53,,
51.96609,7.60307,1,°C,16.79,2019-07-16T15:57:54.000Z,0.0,,2019-07-16T,17:57:54,02:00:00,15:57:54,.000Z,15:57:54,,
51.96602,7.60309,1,°C,16.79,2019-07-16T15:57:55.000Z,0.0,,2019-07-16T,17:57:55,02:00:00,15:57:55,.000Z,15:57:55,,
51.96602,7.60309,1,°C,16.78,2019-07-16T15:57:56.000Z,0.0,,2019-07-16T,17:57:56,02:00:00,15:57:56,.000Z,15:57:56,,
51.96597,7.60309,1,°C,16.78,2019-07-16T15:57:57.000Z,0.0,,2019-07-16T,17:57:57,02:00:00,15:57:57,.000Z,15:57:57,,
51.96597,7.60314,1,°C,16.78,2019-07-16T15:57:58.000Z,0.0,,2019-07-16T,17:57:58,02:00:00,15:57:58,.000Z,15:57:58,,
51.96592,7.60314,1,°C,16.78,2019-07-16T15:57:59.000Z,0.0,,2019-07-16T,17:57:59,02:00:00,15:57:59,.000Z,15:57:59,,
51.96592,7.60322,1,°C,16.78,2019-07-16T15:58:00.000Z,0.0,,2019-07-16T,17:58:00,02:00:00,15:58:00,.000Z,15:58:00,,
51.96591,7.60322,1,°C,16.76,2019-07-16T15:58:01.000Z,-0.1,,2019-07-16T,17:58:01,02:00:00,15:58:01,.000Z,15:58:01,,
51.96591,7.60334,1,°C,16.78,2019-07-16T15:58:02.000Z,0.0,,2019-07-16T,17:58:02,02:00:00,15:58:02,.000Z,15:58:02,,
51.96591,7.60334,1,°C,16.78,2019-07-16T15:58:03.000Z,0.0,,2019-07-16T,17:58:03,02:00:00,15:58:03,.000Z,15:58:03,,
51.96591,7.60347,1,°C,16.78,2019-07-16T15:58:04.000Z,0.0,,2019-07-16T,17:58:04,02:00:00,15:58:04,.000Z,15:58:04,,
51.96591,7.60347,1,°C,16.78,2019-07-16T15:58:05.000Z,0.0,,2019-07-16T,17:58:05,02:00:00,15:58:05,.000Z,15:58:05,,
51.96591,7.60352,1,°C,16.78,2019-07-16T15:58:06.000Z,0.0,,2019-07-16T,17:58:06,02:00:00,15:58:06,.000Z,15:58:06,,
51.96591,7.60352,1,°C,16.79,2019-07-16T15:58:07.000Z,0.0,,2019-07-16T,17:58:07,02:00:00,15:58:07,.000Z,15:58:07,,
51.96586,7.60367,1,°C,16.81,2019-07-16T15:58:08.000Z,0.0,,2019-07-16T,17:58:08,02:00:00,15:58:08,.000Z,15:58:08,,
51.96586,7.60374,1,°C,16.78,2019-07-16T15:58:09.000Z,0.0,,2019-07-16T,17:58:09,02:00:00,15:58:09,.000Z,15:58:09,,
51.96583,7.60374,1,°C,16.81,2019-07-16T15:58:10.000Z,0.0,,2019-07-16T,17:58:10,02:00:00,15:58:10,.000Z,15:58:10,,
51.96583,7.60375,1,°C,16.79,2019-07-16T15:58:11.000Z,0.0,,2019-07-16T,17:58:11,02:00:00,15:58:11,.000Z,15:58:11,,
51.96581,7.60375,1,°C,16.79,2019-07-16T15:58:12.000Z,0.0,,2019-07-16T,17:58:12,02:00:00,15:58:12,.000Z,15:58:12,,
51.96573,7.60373,1,°C,16.78,2019-07-16T15:58:13.000Z,0.0,,2019-07-16T,17:58:13,02:00:00,15:58:13,.000Z,15:58:13,,
51.96573,7.60373,1,°C,16.79,2019-07-16T15:58:14.000Z,0.0,,2019-07-16T,17:58:14,02:00:00,15:58:14,.000Z,15:58:14,,
51.96569,7.60373,1,°C,16.78,2019-07-16T15:58:15.000Z,0.0,,2019-07-16T,17:58:15,02:00:00,15:58:15,.000Z,15:58:15,,
51.96569,7.60373,1,°C,16.81,2019-07-16T15:58:16.000Z,0.0,,2019-07-16T,17:58:16,02:00:00,15:58:16,.000Z,15:58:16,,
51.96567,7.60373,1,°C,16.79,2019-07-16T15:58:17.000Z,0.0,,2019-07-16T,17:58:17,02:00:00,15:58:17,.000Z,15:58:17,,
51.96567,7.60373,1,°C,16.81,2019-07-16T15:58:18.000Z,0.0,,2019-07-16T,17:58:18,02:00:00,15:58:18,.000Z,15:58:18,,
51.96566,7.60373,1,°C,16.79,2019-07-16T15:58:19.000Z,0.0,,2019-07-16T,17:58:19,02:00:00,15:58:19,.000Z,15:58:19,,
51.96566,7.60372,1,°C,16.79,2019-07-16T15:58:20.000Z,0.0,,2019-07-16T,17:58:20,02:00:00,15:58:20,.000Z,15:58:20,,
51.96566,7.60372,1,°C,16.81,2019-07-16T15:58:21.000Z,0.0,,2019-07-16T,17:58:21,02:00:00,15:58:21,.000Z,15:58:21,,
51.96565,7.60372,1,°C,16.81,2019-07-16T15:58:22.000Z,0.0,,2019-07-16T,17:58:22,02:00:00,15:58:22,.000Z,15:58:22,,
51.96565,7.60373,1,°C,16.78,2019-07-16T15:58:23.000Z,0.0,,2019-07-16T,17:58:23,02:00:00,15:58:23,.000Z,15:58:23,,
51.96565,7.60373,1,°C,16.79,2019-07-16T15:58:24.000Z,0.0,,2019-07-16T,17:58:24,02:00:00,15:58:24,.000Z,15:58:24,,
51.96564,7.60374,1,°C,16.79,2019-07-16T15:58:25.000Z,0.0,,2019-07-16T,17:58:25,02:00:00,15:58:25,.000Z,15:58:25,,
51.96564,7.60374,1,°C,16.78,2019-07-16T15:58:26.000Z,0.0,,2019-07-16T,17:58:26,02:00:00,15:58:26,.000Z,15:58:26,,
51.96565,7.60374,1,°C,16.78,2019-07-16T15:58:27.000Z,0.0,,2019-07-16T,17:58:27,02:00:00,15:58:27,.000Z,15:58:27,,
51.96565,7.60374,1,°C,16.76,2019-07-16T15:58:28.000Z,-0.1,,2019-07-16T,17:58:28,02:00:00,15:58:28,.000Z,15:58:28,,
51.96565,7.60374,1,°C,16.75,2019-07-16T15:58:29.000Z,-0.1,,2019-07-16T,17:58:29,02:00:00,15:58:29,.000Z,15:58:29,,
51.96565,7.60374,1,°C,16.78,2019-07-16T15:58:30.000Z,0.0,,2019-07-16T,17:58:30,02:00:00,15:58:30,.000Z,15:58:30,,
51.96565,7.60374,1,°C,16.71,2019-07-16T15:58:31.000Z,-0.1,,2019-07-16T,17:58:31,02:00:00,15:58:31,.000Z,15:58:31,,
51.96564,7.60376,1,°C,16.75,2019-07-16T15:58:32.000Z,-0.1,,2019-07-16T,17:58:32,02:00:00,15:58:32,.000Z,15:58:32,,
51.96564,7.60376,1,°C,16.76,2019-07-16T15:58:33.000Z,-0.1,,2019-07-16T,17:58:33,02:00:00,15:58:33,.000Z,15:58:33,,
51.96563,7.60377,1,°C,16.78,2019-07-16T15:58:34.000Z,0.0,,2019-07-16T,17:58:34,02:00:00,15:58:34,.000Z,15:58:34,,
51.96563,7.60377,1,°C,16.73,2019-07-16T15:58:35.000Z,-0.1,,2019-07-16T,17:58:35,02:00:00,15:58:35,.000Z,15:58:35,,
51.96563,7.60378,1,°C,16.75,2019-07-16T15:58:36.000Z,-0.1,,2019-07-16T,17:58:36,02:00:00,15:58:36,.000Z,15:58:36,,
51.96563,7.60378,1,°C,16.73,2019-07-16T15:58:37.000Z,-0.1,,2019-07-16T,17:58:37,02:00:00,15:58:37,.000Z,15:58:37,,
51.96564,7.60379,1,°C,16.73,2019-07-16T15:58:38.000Z,-0.1,,2019-07-16T,17:58:38,02:00:00,15:58:38,.000Z,15:58:38,,
51.96564,7.60379,1,°C,16.75,2019-07-16T15:58:39.000Z,-0.1,,2019-07-16T,17:58:39,02:00:00,15:58:39,.000Z,15:58:39,,
51.96564,7.6038,1,°C,16.75,2019-07-16T15:58:40.000Z,-0.1,,2019-07-16T,17:58:40,02:00:00,15:58:40,.000Z,15:58:40,,
51.96564,7.6038,1,°C,16.76,2019-07-16T15:58:41.000Z,-0.1,,2019-07-16T,17:58:41,02:00:00,15:58:41,.000Z,15:58:41,,
51.96564,7.6038,1,°C,16.75,2019-07-16T15:58:42.000Z,-0.1,,2019-07-16T,17:58:42,02:00:00,15:58:42,.000Z,15:58:42,,
51.96565,7.6038,1,°C,16.75,2019-07-16T15:58:43.000Z,-0.1,,2019-07-16T,17:58:43,02:00:00,15:58:43,.000Z,15:58:43,,
51.96565,7.6038,1,°C,16.75,2019-07-16T15:58:44.000Z,-0.1,,2019-07-16T,17:58:44,02:00:00,15:58:44,.000Z,15:58:44,,
51.96565,7.6038,1,°C,16.75,2019-07-16T15:58:45.000Z,-0.1,,2019-07-16T,17:58:45,02:00:00,15:58:45,.000Z,15:58:45,,
51.96565,7.6038,1,°C,16.75,2019-07-16T15:58:46.000Z,-0.1,,2019-07-16T,17:58:46,02:00:00,15:58:46,.000Z,15:58:46,,
51.96565,7.6038,1,°C,16.75,2019-07-16T15:58:47.000Z,-0.1,,2019-07-16T,17:58:47,02:00:00,15:58:47,.000Z,15:58:47,,
51.96565,7.6038,1,°C,16.73,2019-07-16T15:58:48.000Z,-0.1,,2019-07-16T,17:58:48,02:00:00,15:58:48,.000Z,15:58:48,,
51.96565,7.6038,1,°C,16.76,2019-07-16T15:58:49.000Z,-0.1,,2019-07-16T,17:58:49,02:00:00,15:58:49,.000Z,15:58:49,,
51.96561,7.60382,1,°C,16.78,2019-07-16T15:58:50.000Z,0.0,,2019-07-16T,17:58:50,02:00:00,15:58:50,.000Z,15:58:50,,
51.96561,7.60382,1,°C,16.75,2019-07-16T15:58:51.000Z,-0.1,,2019-07-16T,17:58:51,02:00:00,15:58:51,.000Z,15:58:51,,
51.96557,7.60381,1,°C,16.78,2019-07-16T15:58:52.000Z,0.0,,2019-07-16T,17:58:52,02:00:00,15:58:52,.000Z,15:58:52,,
51.96557,7.60381,1,°C,16.73,2019-07-16T15:58:53.000Z,-0.1,,2019-07-16T,17:58:53,02:00:00,15:58:53,.000Z,15:58:53,,
51.96555,7.60382,1,°C,16.78,2019-07-16T15:58:54.000Z,0.0,,2019-07-16T,17:58:54,02:00:00,15:58:54,.000Z,15:58:54,,
51.96555,7.60382,1,°C,16.76,2019-07-16T15:58:55.000Z,-0.1,,2019-07-16T,17:58:55,02:00:00,15:58:55,.000Z,15:58:55,,
51.96548,7.60385,1,°C,16.76,2019-07-16T15:58:56.000Z,-0.1,,2019-07-16T,17:58:56,02:00:00,15:58:56,.000Z,15:58:56,,
51.96548,7.60388,1,°C,16.75,2019-07-16T15:58:57.000Z,-0.1,,2019-07-16T,17:58:57,02:00:00,15:58:57,.000Z,15:58:57,,
51.96539,7.60388,1,°C,16.75,2019-07-16T15:58:58.000Z,-0.1,,2019-07-16T,17:58:58,02:00:00,15:58:58,.000Z,15:58:58,,
51.96539,7.60391,1,°C,16.73,2019-07-16T15:58:59.000Z,-0.1,,2019-07-16T,17:58:59,02:00:00,15:58:59,.000Z,15:58:59,,
51.96531,7.60391,1,°C,16.75,2019-07-16T15:59:00.000Z,-0.1,,2019-07-16T,17:59:00,02:00:00,15:59:00,.000Z,15:59:00,,
51.96527,7.60392,1,°C,16.73,2019-07-16T15:59:01.000Z,-0.1,,2019-07-16T,17:59:01,02:00:00,15:59:01,.000Z,15:59:01,,
51.96527,7.60392,1,°C,16.71,2019-07-16T15:59:02.000Z,-0.1,,2019-07-16T,17:59:02,02:00:00,15:59:02,.000Z,15:59:02,,
51.96519,7.60396,1,°C,16.71,2019-07-16T15:59:03.000Z,-0.1,,2019-07-16T,17:59:03,02:00:00,15:59:03,.000Z,15:59:03,,
51.96519,7.60396,1,°C,16.71,2019-07-16T15:59:04.000Z,-0.1,,2019-07-16T,17:59:04,02:00:00,15:59:04,.000Z,15:59:04,,
51.96508,7.60399,1,°C,16.70,2019-07-16T15:59:05.000Z,-0.1,,2019-07-16T,17:59:05,02:00:00,15:59:05,.000Z,15:59:05,,
51.96508,7.60399,1,°C,16.70,2019-07-16T15:59:06.000Z,-0.1,,2019-07-16T,17:59:06,02:00:00,15:59:06,.000Z,15:59:06,,
51.96503,7.60398,1,°C,16.70,2019-07-16T15:59:07.000Z,-0.1,,2019-07-16T,17:59:07,02:00:00,15:59:07,.000Z,15:59:07,,
51.96503,7.60398,1,°C,16.70,2019-07-16T15:59:08.000Z,-0.1,,2019-07-16T,17:59:08,02:00:00,15:59:08,.000Z,15:59:08,,
51.96495,7.60397,1,°C,16.68,2019-07-16T15:59:09.000Z,-0.1,,2019-07-16T,17:59:09,02:00:00,15:59:09,.000Z,15:59:09,,
51.96495,7.60397,1,°C,16.70,2019-07-16T15:59:10.000Z,-0.1,,2019-07-16T,17:59:10,02:00:00,15:59:10,.000Z,15:59:10,,
51.9649,7.60397,1,°C,16.67,2019-07-16T15:59:11.000Z,-0.1,,2019-07-16T,17:59:11,02:00:00,15:59:11,.000Z,15:59:11,,
51.9649,7.60395,1,°C,16.67,2019-07-16T15:59:12.000Z,-0.1,,2019-07-16T,17:59:12,02:00:00,15:59:12,.000Z,15:59:12,,
51.96476,7.60395,1,°C,16.67,2019-07-16T15:59:13.000Z,-0.1,,2019-07-16T,17:59:13,02:00:00,15:59:13,.000Z,15:59:13,,
51.96472,7.60394,1,°C,16.67,2019-07-16T15:59:14.000Z,-0.1,,2019-07-16T,17:59:14,02:00:00,15:59:14,.000Z,15:59:14,,
51.96472,7.60394,1,°C,16.67,2019-07-16T15:59:15.000Z,-0.1,,2019-07-16T,17:59:15,02:00:00,15:59:15,.000Z,15:59:15,,
51.96463,7.60392,1,°C,16.68,2019-07-16T15:59:16.000Z,-0.1,,2019-07-16T,17:59:16,02:00:00,15:59:16,.000Z,15:59:16,,
51.96463,7.60392,1,°C,16.67,2019-07-16T15:59:17.000Z,-0.1,,2019-07-16T,17:59:17,02:00:00,15:59:17,.000Z,15:59:17,,
51.96447,7.60388,1,°C,16.68,2019-07-16T15:59:18.000Z,-0.1,,2019-07-16T,17:59:18,02:00:00,15:59:18,.000Z,15:59:18,,
51.96447,7.60388,1,°C,16.66,2019-07-16T15:59:19.000Z,-0.2,,2019-07-16T,17:59:19,02:00:00,15:59:19,.000Z,15:59:19,,
51.96437,7.60388,1,°C,16.68,2019-07-16T15:59:20.000Z,-0.1,,2019-07-16T,17:59:20,02:00:00,15:59:20,.000Z,15:59:20,,
51.96437,7.60388,1,°C,16.68,2019-07-16T15:59:21.000Z,-0.1,,2019-07-16T,17:59:21,02:00:00,15:59:21,.000Z,15:59:21,,
51.96432,7.60388,1,°C,16.68,2019-07-16T15:59:22.000Z,-0.1,,2019-07-16T,17:59:22,02:00:00,15:59:22,.000Z,15:59:22,,
51.96432,7.60388,1,°C,16.67,2019-07-16T15:59:23.000Z,-0.1,,2019-07-16T,17:59:23,02:00:00,15:59:23,.000Z,15:59:23,,
51.96423,7.60386,1,°C,16.68,2019-07-16T15:59:24.000Z,-0.1,,2019-07-16T,17:59:24,02:00:00,15:59:24,.000Z,15:59:24,,
51.96423,7.60384,1,°C,16.68,2019-07-16T15:59:25.000Z,-0.1,,2019-07-16T,17:59:25,02:00:00,15:59:25,.000Z,15:59:25,,
51.96409,7.60384,1,°C,16.68,2019-07-16T15:59:26.000Z,-0.1,,2019-07-16T,17:59:26,02:00:00,15:59:26,.000Z,15:59:26,,
51.96405,7.60384,1,°C,16.68,2019-07-16T15:59:27.000Z,-0.1,,2019-07-16T,17:59:27,02:00:00,15:59:27,.000Z,15:59:27,,
51.96405,7.60384,1,°C,16.67,2019-07-16T15:59:28.000Z,-0.1,,2019-07-16T,17:59:28,02:00:00,15:59:28,.000Z,15:59:28,,
51.96395,7.60381,1,°C,16.70,2019-07-16T15:59:29.000Z,-0.1,,2019-07-16T,17:59:29,02:00:00,15:59:29,.000Z,15:59:29,,
51.96395,7.60381,1,°C,16.70,2019-07-16T15:59:30.000Z,-0.1,,2019-07-16T,17:59:30,02:00:00,15:59:30,.000Z,15:59:30,,
51.96381,7.60386,1,°C,16.68,2019-07-16T15:59:31.000Z,-0.1,,2019-07-16T,17:59:31,02:00:00,15:59:31,.000Z,15:59:31,,
51.96381,7.60386,1,°C,16.70,2019-07-16T15:59:32.000Z,-0.1,,2019-07-16T,17:59:32,02:00:00,15:59:32,.000Z,15:59:32,,
51.96376,7.60389,1,°C,16.68,2019-07-16T15:59:33.000Z,-0.1,,2019-07-16T,17:59:33,02:00:00,15:59:33,.000Z,15:59:33,,
51.96376,7.60389,1,°C,16.68,2019-07-16T15:59:34.000Z,-0.1,,2019-07-16T,17:59:34,02:00:00,15:59:34,.000Z,15:59:34,,
51.96372,7.60389,1,°C,16.68,2019-07-16T15:59:35.000Z,-0.1,,2019-07-16T,17:59:35,02:00:00,15:59:35,.000Z,15:59:35,,
51.96372,7.60389,1,°C,16.68,2019-07-16T15:59:36.000Z,-0.1,,2019-07-16T,17:59:36,02:00:00,15:59:36,.000Z,15:59:36,,
51.96366,7.60398,1,°C,16.68,2019-07-16T15:59:37.000Z,-0.1,,2019-07-16T,17:59:37,02:00:00,15:59:37,.000Z,15:59:37,,
51.96366,7.60405,1,°C,16.68,2019-07-16T15:59:38.000Z,-0.1,,2019-07-16T,17:59:38,02:00:00,15:59:38,.000Z,15:59:38,,
51.96362,7.60405,1,°C,16.67,2019-07-16T15:59:39.000Z,-0.1,,2019-07-16T,17:59:39,02:00:00,15:59:39,.000Z,15:59:39,,
51.96362,7.60405,1,°C,16.66,2019-07-16T15:59:40.000Z,-0.2,,2019-07-16T,17:59:40,02:00:00,15:59:40,.000Z,15:59:40,,
51.9635,7.60422,1,°C,16.67,2019-07-16T15:59:41.000Z,-0.1,,2019-07-16T,17:59:41,02:00:00,15:59:41,.000Z,15:59:41,,
51.9635,7.60422,1,°C,16.67,2019-07-16T15:59:42.000Z,-0.1,,2019-07-16T,17:59:42,02:00:00,15:59:42,.000Z,15:59:42,,
51.96346,7.60426,1,°C,16.64,2019-07-16T15:59:43.000Z,-0.2,,2019-07-16T,17:59:43,02:00:00,15:59:43,.000Z,15:59:43,,
51.96346,7.60426,1,°C,16.67,2019-07-16T15:59:44.000Z,-0.1,,2019-07-16T,17:59:44,02:00:00,15:59:44,.000Z,15:59:44,,
51.96339,7.60437,1,°C,16.66,2019-07-16T15:59:45.000Z,-0.2,,2019-07-16T,17:59:45,02:00:00,15:59:45,.000Z,15:59:45,,
51.96339,7.60437,1,°C,16.64,2019-07-16T15:59:46.000Z,-0.2,,2019-07-16T,17:59:46,02:00:00,15:59:46,.000Z,15:59:46,,
51.96327,7.60451,1,°C,16.64,2019-07-16T15:59:47.000Z,-0.2,,2019-07-16T,17:59:47,02:00:00,15:59:47,.000Z,15:59:47,,
51.96327,7.60451,1,°C,16.63,2019-07-16T15:59:48.000Z,-0.2,,2019-07-16T,17:59:48,02:00:00,15:59:48,.000Z,15:59:48,,
51.96324,7.60459,1,°C,16.63,2019-07-16T15:59:49.000Z,-0.2,,2019-07-16T,17:59:49,02:00:00,15:59:49,.000Z,15:59:49,,
51.96324,7.6047,1,°C,16.63,2019-07-16T15:59:50.000Z,-0.2,,2019-07-16T,17:59:50,02:00:00,15:59:50,.000Z,15:59:50,,
51.96317,7.6047,1,°C,16.61,2019-07-16T15:59:51.000Z,-0.2,,2019-07-16T,17:59:51,02:00:00,15:59:51,.000Z,15:59:51,,
51.96317,7.60483,1,°C,16.63,2019-07-16T15:59:52.000Z,-0.2,,2019-07-16T,17:59:52,02:00:00,15:59:52,.000Z,15:59:52,,
51.96311,7.60483,1,°C,16.63,2019-07-16T15:59:53.000Z,-0.2,,2019-07-16T,17:59:53,02:00:00,15:59:53,.000Z,15:59:53,,
51.96304,7.60495,1,°C,16.63,2019-07-16T15:59:54.000Z,-0.2,,2019-07-16T,17:59:54,02:00:00,15:59:54,.000Z,15:59:54,,
51.96304,7.60495,1,°C,16.63,2019-07-16T15:59:55.000Z,-0.2,,2019-07-16T,17:59:55,02:00:00,15:59:55,.000Z,15:59:55,,
51.96299,7.60509,1,°C,16.63,2019-07-16T15:59:56.000Z,-0.2,,2019-07-16T,17:59:56,02:00:00,15:59:56,.000Z,15:59:56,,
51.96299,7.60509,1,°C,16.63,2019-07-16T15:59:57.000Z,-0.2,,2019-07-16T,17:59:57,02:00:00,15:59:57,.000Z,15:59:57,,
51.96292,7.60518,1,°C,16.63,2019-07-16T15:59:58.000Z,-0.2,,2019-07-16T,17:59:58,02:00:00,15:59:58,.000Z,15:59:58,,
51.96292,7.60518,1,°C,16.63,2019-07-16T15:59:59.000Z,-0.2,,2019-07-16T,17:59:59,02:00:00,15:59:59,.000Z,15:59:59,,
51.96284,7.60531,1,°C,16.64,2019-07-16T16:00:00.000Z,-0.2,,2019-07-16T,18:00:00,02:00:00,16:00:00,.000Z,16:00:00,,
51.96284,7.60531,1,°C,16.63,2019-07-16T16:00:01.000Z,-0.2,,2019-07-16T,18:00:01,02:00:00,16:00:01,.000Z,16:00:01,,
51.96277,7.60543,1,°C,16.64,2019-07-16T16:00:02.000Z,-0.2,,2019-07-16T,18:00:02,02:00:00,16:00:02,.000Z,16:00:02,,
51.96277,7.60543,1,°C,16.64,2019-07-16T16:00:03.000Z,-0.2,,2019-07-16T,18:00:03,02:00:00,16:00:03,.000Z,16:00:03,,
51.96268,7.60552,1,°C,16.66,2019-07-16T16:00:04.000Z,-0.2,,2019-07-16T,18:00:04,02:00:00,16:00:04,.000Z,16:00:04,,
51.96268,7.60559,1,°C,16.64,2019-07-16T16:00:05.000Z,-0.2,,2019-07-16T,18:00:05,02:00:00,16:00:05,.000Z,16:00:05,,
51.9626,7.60559,1,°C,16.66,2019-07-16T16:00:06.000Z,-0.2,,2019-07-16T,18:00:06,02:00:00,16:00:06,.000Z,16:00:06,,
51.96252,7.60564,1,°C,16.67,2019-07-16T16:00:07.000Z,-0.1,,2019-07-16T,18:00:07,02:00:00,16:00:07,.000Z,16:00:07,,
51.96252,7.60564,1,°C,16.67,2019-07-16T16:00:08.000Z,-0.1,,2019-07-16T,18:00:08,02:00:00,16:00:08,.000Z,16:00:08,,
51.96247,7.60574,1,°C,16.66,2019-07-16T16:00:09.000Z,-0.2,,2019-07-16T,18:00:09,02:00:00,16:00:09,.000Z,16:00:09,,
51.96247,7.60574,1,°C,16.70,2019-07-16T16:00:10.000Z,-0.1,,2019-07-16T,18:00:10,02:00:00,16:00:10,.000Z,16:00:10,,
51.96238,7.60583,1,°C,16.68,2019-07-16T16:00:11.000Z,-0.1,,2019-07-16T,18:00:11,02:00:00,16:00:11,.000Z,16:00:11,,
51.96238,7.60583,1,°C,16.68,2019-07-16T16:00:12.000Z,-0.1,,2019-07-16T,18:00:12,02:00:00,16:00:12,.000Z,16:00:12,,
51.96233,7.60587,1,°C,16.68,2019-07-16T16:00:13.000Z,-0.1,,2019-07-16T,18:00:13,02:00:00,16:00:13,.000Z,16:00:13,,
51.96233,7.60587,1,°C,16.68,2019-07-16T16:00:14.000Z,-0.1,,2019-07-16T,18:00:14,02:00:00,16:00:14,.000Z,16:00:14,,
51.96219,7.606,1,°C,16.70,2019-07-16T16:00:15.000Z,-0.1,,2019-07-16T,18:00:15,02:00:00,16:00:15,.000Z,16:00:15,,
51.96219,7.606,1,°C,16.70,2019-07-16T16:00:16.000Z,-0.1,,2019-07-16T,18:00:16,02:00:00,16:00:16,.000Z,16:00:16,,
51.96209,7.60608,1,°C,16.68,2019-07-16T16:00:17.000Z,-0.1,,2019-07-16T,18:00:17,02:00:00,16:00:17,.000Z,16:00:17,,
51.96209,7.60617,1,°C,16.70,2019-07-16T16:00:18.000Z,-0.1,,2019-07-16T,18:00:18,02:00:00,16:00:18,.000Z,16:00:18,,
51.96201,7.60617,1,°C,16.70,2019-07-16T16:00:19.000Z,-0.1,,2019-07-16T,18:00:19,02:00:00,16:00:19,.000Z,16:00:19,,
51.96201,7.60622,1,°C,16.70,2019-07-16T16:00:20.000Z,-0.1,,2019-07-16T,18:00:20,02:00:00,16:00:20,.000Z,16:00:20,,
51.96196,7.60622,1,°C,16.70,2019-07-16T16:00:21.000Z,-0.1,,2019-07-16T,18:00:21,02:00:00,16:00:21,.000Z,16:00:21,,
51.96184,7.60637,1,°C,16.70,2019-07-16T16:00:22.000Z,-0.1,,2019-07-16T,18:00:22,02:00:00,16:00:22,.000Z,16:00:22,,
51.96184,7.60637,1,°C,16.71,2019-07-16T16:00:23.000Z,-0.1,,2019-07-16T,18:00:23,02:00:00,16:00:23,.000Z,16:00:23,,
51.96177,7.60653,1,°C,16.71,2019-07-16T16:00:24.000Z,-0.1,,2019-07-16T,18:00:24,02:00:00,16:00:24,.000Z,16:00:24,,
51.96177,7.60653,1,°C,16.71,2019-07-16T16:00:25.000Z,-0.1,,2019-07-16T,18:00:25,02:00:00,16:00:25,.000Z,16:00:25,,
51.96173,7.60659,1,°C,16.73,2019-07-16T16:00:26.000Z,-0.1,,2019-07-16T,18:00:26,02:00:00,16:00:26,.000Z,16:00:26,,
51.96173,7.60659,1,°C,16.73,2019-07-16T16:00:27.000Z,-0.1,,2019-07-16T,18:00:27,02:00:00,16:00:27,.000Z,16:00:27,,
51.96163,7.60669,1,°C,16.73,2019-07-16T16:00:28.000Z,-0.1,,2019-07-16T,18:00:28,02:00:00,16:00:28,.000Z,16:00:28,,
51.96163,7.60669,1,°C,16.73,2019-07-16T16:00:29.000Z,-0.1,,2019-07-16T,18:00:29,02:00:00,16:00:29,.000Z,16:00:29,,
51.96157,7.60673,1,°C,16.76,2019-07-16T16:00:30.000Z,-0.1,,2019-07-16T,18:00:30,02:00:00,16:00:30,.000Z,16:00:30,,
51.96157,7.60673,1,°C,16.76,2019-07-16T16:00:31.000Z,-0.1,,2019-07-16T,18:00:31,02:00:00,16:00:31,.000Z,16:00:31,,
51.96146,7.60668,1,°C,16.76,2019-07-16T16:00:32.000Z,-0.1,,2019-07-16T,18:00:32,02:00:00,16:00:32,.000Z,16:00:32,,
51.96146,7.60666,1,°C,16.78,2019-07-16T16:00:33.000Z,0.0,,2019-07-16T,18:00:33,02:00:00,16:00:33,.000Z,16:00:33,,
51.9614,7.60666,1,°C,16.76,2019-07-16T16:00:34.000Z,-0.1,,2019-07-16T,18:00:34,02:00:00,16:00:34,.000Z,16:00:34,,
51.96136,7.60675,1,°C,16.76,2019-07-16T16:00:35.000Z,-0.1,,2019-07-16T,18:00:35,02:00:00,16:00:35,.000Z,16:00:35,,
51.96136,7.60675,1,°C,16.78,2019-07-16T16:00:36.000Z,0.0,,2019-07-16T,18:00:36,02:00:00,16:00:36,.000Z,16:00:36,,
51.96136,7.60686,1,°C,16.79,2019-07-16T16:00:37.000Z,0.0,,2019-07-16T,18:00:37,02:00:00,16:00:37,.000Z,16:00:37,,
51.96136,7.60686,1,°C,16.81,2019-07-16T16:00:38.000Z,0.0,,2019-07-16T,18:00:38,02:00:00,16:00:38,.000Z,16:00:38,,
51.96136,7.60693,1,°C,16.79,2019-07-16T16:00:39.000Z,0.0,,2019-07-16T,18:00:39,02:00:00,16:00:39,.000Z,16:00:39,,
51.96136,7.60693,1,°C,16.81,2019-07-16T16:00:40.000Z,0.0,,2019-07-16T,18:00:40,02:00:00,16:00:40,.000Z,16:00:40,,
51.96134,7.60711,1,°C,16.81,2019-07-16T16:00:41.000Z,0.0,,2019-07-16T,18:00:41,02:00:00,16:00:41,.000Z,16:00:41,,
51.96134,7.60711,1,°C,16.81,2019-07-16T16:00:42.000Z,0.0,,2019-07-16T,18:00:42,02:00:00,16:00:42,.000Z,16:00:42,,
51.96134,7.60722,1,°C,16.82,2019-07-16T16:00:43.000Z,0.0,,2019-07-16T,18:00:43,02:00:00,16:00:43,.000Z,16:00:43,,
51.96134,7.60735,1,°C,16.82,2019-07-16T16:00:44.000Z,0.0,,2019-07-16T,18:00:44,02:00:00,16:00:44,.000Z,16:00:44,,
51.96133,7.60735,1,°C,16.79,2019-07-16T16:00:45.000Z,0.0,,2019-07-16T,18:00:45,02:00:00,16:00:45,.000Z,16:00:45,,
51.96135,7.60751,1,°C,16.83,2019-07-16T16:00:46.000Z,0.0,,2019-07-16T,18:00:46,02:00:00,16:00:46,.000Z,16:00:46,,
51.96135,7.60751,1,°C,16.81,2019-07-16T16:00:47.000Z,0.0,,2019-07-16T,18:00:47,02:00:00,16:00:47,.000Z,16:00:47,,
51.96134,7.60758,1,°C,16.83,2019-07-16T16:00:48.000Z,0.0,,2019-07-16T,18:00:48,02:00:00,16:00:48,.000Z,16:00:48,,
51.96134,7.60758,1,°C,16.82,2019-07-16T16:00:49.000Z,0.0,,2019-07-16T,18:00:49,02:00:00,16:00:49,.000Z,16:00:49,,
51.96132,7.60775,1,°C,16.83,2019-07-16T16:00:50.000Z,0.0,,2019-07-16T,18:00:50,02:00:00,16:00:50,.000Z,16:00:50,,
51.96132,7.60775,1,°C,16.83,2019-07-16T16:00:51.000Z,0.0,,2019-07-16T,18:00:51,02:00:00,16:00:51,.000Z,16:00:51,,
51.96129,7.60791,1,°C,16.83,2019-07-16T16:00:52.000Z,0.0,,2019-07-16T,18:00:52,02:00:00,16:00:52,.000Z,16:00:52,,
51.96129,7.60791,1,°C,16.85,2019-07-16T16:00:53.000Z,0.0,,2019-07-16T,18:00:53,02:00:00,16:00:53,.000Z,16:00:53,,
51.96132,7.60814,1,°C,16.83,2019-07-16T16:00:54.000Z,0.0,,2019-07-16T,18:00:54,02:00:00,16:00:54,.000Z,16:00:54,,
51.96132,7.60829,1,°C,16.85,2019-07-16T16:00:55.000Z,0.0,,2019-07-16T,18:00:55,02:00:00,16:00:55,.000Z,16:00:55,,
51.96132,7.60829,1,°C,16.85,2019-07-16T16:00:56.000Z,0.0,,2019-07-16T,18:00:56,02:00:00,16:00:56,.000Z,16:00:56,,
51.96129,7.60844,1,°C,16.88,2019-07-16T16:00:57.000Z,0.1,,2019-07-16T,18:00:57,02:00:00,16:00:57,.000Z,16:00:57,,
51.96129,7.60844,1,°C,16.86,2019-07-16T16:00:58.000Z,0.0,,2019-07-16T,18:00:58,02:00:00,16:00:58,.000Z,16:00:58,,
51.96131,7.60857,1,°C,16.88,2019-07-16T16:00:59.000Z,0.1,,2019-07-16T,18:00:59,02:00:00,16:00:59,.000Z,16:00:59,,
51.96131,7.60857,1,°C,16.89,2019-07-16T16:01:00.000Z,0.1,,2019-07-16T,18:01:00,02:00:00,16:01:00,.000Z,16:01:00,,
51.96135,7.60871,1,°C,16.88,2019-07-16T16:01:01.000Z,0.1,,2019-07-16T,18:01:01,02:00:00,16:01:01,.000Z,16:01:01,,
51.96135,7.60871,1,°C,16.89,2019-07-16T16:01:02.000Z,0.1,,2019-07-16T,18:01:02,02:00:00,16:01:02,.000Z,16:01:02,,
51.96138,7.60884,1,°C,16.89,2019-07-16T16:01:03.000Z,0.1,,2019-07-16T,18:01:03,02:00:00,16:01:03,.000Z,16:01:03,,
51.96138,7.60884,1,°C,16.89,2019-07-16T16:01:04.000Z,0.1,,2019-07-16T,18:01:04,02:00:00,16:01:04,.000Z,16:01:04,,
51.96144,7.60904,1,°C,16.89,2019-07-16T16:01:05.000Z,0.1,,2019-07-16T,18:01:05,02:00:00,16:01:05,.000Z,16:01:05,,
51.96144,7.60917,1,°C,16.93,2019-07-16T16:01:06.000Z,0.1,,2019-07-16T,18:01:06,02:00:00,16:01:06,.000Z,16:01:06,,
51.96148,7.60917,1,°C,16.93,2019-07-16T16:01:07.000Z,0.1,,2019-07-16T,18:01:07,02:00:00,16:01:07,.000Z,16:01:07,,
51.96148,7.60932,1,°C,16.94,2019-07-16T16:01:08.000Z,0.1,,2019-07-16T,18:01:08,02:00:00,16:01:08,.000Z,16:01:08,,
51.96153,7.60932,1,°C,16.94,2019-07-16T16:01:09.000Z,0.1,,2019-07-16T,18:01:09,02:00:00,16:01:09,.000Z,16:01:09,,
51.96157,7.60947,1,°C,16.96,2019-07-16T16:01:10.000Z,0.1,,2019-07-16T,18:01:10,02:00:00,16:01:10,.000Z,16:01:10,,
51.96157,7.60947,1,°C,16.94,2019-07-16T16:01:11.000Z,0.1,,2019-07-16T,18:01:11,02:00:00,16:01:11,.000Z,16:01:11,,
51.96162,7.60962,1,°C,16.96,2019-07-16T16:01:12.000Z,0.1,,2019-07-16T,18:01:12,02:00:00,16:01:12,.000Z,16:01:12,,
51.96162,7.60962,1,°C,16.97,2019-07-16T16:01:13.000Z,0.1,,2019-07-16T,18:01:13,02:00:00,16:01:13,.000Z,16:01:13,,
51.96166,7.60975,1,°C,16.96,2019-07-16T16:01:14.000Z,0.1,,2019-07-16T,18:01:14,02:00:00,16:01:14,.000Z,16:01:14,,
51.96166,7.60975,1,°C,16.97,2019-07-16T16:01:15.000Z,0.1,,2019-07-16T,18:01:15,02:00:00,16:01:15,.000Z,16:01:15,,
51.96172,7.60987,1,°C,16.97,2019-07-16T16:01:16.000Z,0.1,,2019-07-16T,18:01:16,02:00:00,16:01:16,.000Z,16:01:16,,
51.96172,7.60998,1,°C,16.97,2019-07-16T16:01:17.000Z,0.1,,2019-07-16T,18:01:17,02:00:00,16:01:17,.000Z,16:01:17,,
51.96178,7.60998,1,°C,16.97,2019-07-16T16:01:18.000Z,0.1,,2019-07-16T,18:01:18,02:00:00,16:01:18,.000Z,16:01:18,,
51.96178,7.6101,1,°C,16.97,2019-07-16T16:01:19.000Z,0.1,,2019-07-16T,18:01:19,02:00:00,16:01:19,.000Z,16:01:19,,
51.96181,7.6101,1,°C,16.98,2019-07-16T16:01:20.000Z,0.2,,2019-07-16T,18:01:20,02:00:00,16:01:20,.000Z,16:01:20,,
51.96184,7.61025,1,°C,16.98,2019-07-16T16:01:21.000Z,0.2,,2019-07-16T,18:01:21,02:00:00,16:01:21,.000Z,16:01:21,,
51.96184,7.61025,1,°C,16.97,2019-07-16T16:01:22.000Z,0.1,,2019-07-16T,18:01:22,02:00:00,16:01:22,.000Z,16:01:22,,
51.96185,7.61032,1,°C,16.96,2019-07-16T16:01:23.000Z,0.1,,2019-07-16T,18:01:23,02:00:00,16:01:23,.000Z,16:01:23,,
51.96185,7.61032,1,°C,16.97,2019-07-16T16:01:24.000Z,0.1,,2019-07-16T,18:01:24,02:00:00,16:01:24,.000Z,16:01:24,,
51.9619,7.61057,1,°C,16.97,2019-07-16T16:01:25.000Z,0.1,,2019-07-16T,18:01:25,02:00:00,16:01:25,.000Z,16:01:25,,
51.9619,7.61057,1,°C,16.96,2019-07-16T16:01:26.000Z,0.1,,2019-07-16T,18:01:26,02:00:00,16:01:26,.000Z,16:01:26,,
51.96193,7.61074,1,°C,16.94,2019-07-16T16:01:27.000Z,0.1,,2019-07-16T,18:01:27,02:00:00,16:01:27,.000Z,16:01:27,,
51.96193,7.61091,1,°C,16.96,2019-07-16T16:01:28.000Z,0.1,,2019-07-16T,18:01:28,02:00:00,16:01:28,.000Z,16:01:28,,
51.96193,7.61091,1,°C,16.96,2019-07-16T16:01:29.000Z,0.1,,2019-07-16T,18:01:29,02:00:00,16:01:29,.000Z,16:01:29,,
51.96193,7.611,1,°C,16.94,2019-07-16T16:01:30.000Z,0.1,,2019-07-16T,18:01:30,02:00:00,16:01:30,.000Z,16:01:30,,
51.96193,7.611,1,°C,16.93,2019-07-16T16:01:31.000Z,0.1,,2019-07-16T,18:01:31,02:00:00,16:01:31,.000Z,16:01:31,,
51.96192,7.61117,1,°C,16.93,2019-07-16T16:01:32.000Z,0.1,,2019-07-16T,18:01:32,02:00:00,16:01:32,.000Z,16:01:32,,
51.96192,7.61117,1,°C,16.94,2019-07-16T16:01:33.000Z,0.1,,2019-07-16T,18:01:33,02:00:00,16:01:33,.000Z,16:01:33,,
51.96191,7.61135,1,°C,16.93,2019-07-16T16:01:34.000Z,0.1,,2019-07-16T,18:01:34,02:00:00,16:01:34,.000Z,16:01:34,,
51.96191,7.61135,1,°C,16.93,2019-07-16T16:01:35.000Z,0.1,,2019-07-16T,18:01:35,02:00:00,16:01:35,.000Z,16:01:35,,
51.9619,7.61144,1,°C,16.94,2019-07-16T16:01:36.000Z,0.1,,2019-07-16T,18:01:36,02:00:00,16:01:36,.000Z,16:01:36,,
51.9619,7.61144,1,°C,16.94,2019-07-16T16:01:37.000Z,0.1,,2019-07-16T,18:01:37,02:00:00,16:01:37,.000Z,16:01:37,,
51.96188,7.61162,1,°C,16.94,2019-07-16T16:01:38.000Z,0.1,,2019-07-16T,18:01:38,02:00:00,16:01:38,.000Z,16:01:38,,
51.96188,7.61162,1,°C,16.94,2019-07-16T16:01:39.000Z,0.1,,2019-07-16T,18:01:39,02:00:00,16:01:39,.000Z,16:01:39,,
51.96188,7.61192,1,°C,16.94,2019-07-16T16:01:40.000Z,0.1,,2019-07-16T,18:01:40,02:00:00,16:01:40,.000Z,16:01:40,,
51.96188,7.61207,1,°C,16.97,2019-07-16T16:01:41.000Z,0.1,,2019-07-16T,18:01:41,02:00:00,16:01:41,.000Z,16:01:41,,
51.96186,7.61207,1,°C,16.97,2019-07-16T16:01:42.000Z,0.1,,2019-07-16T,18:01:42,02:00:00,16:01:42,.000Z,16:01:42,,
51.96186,7.61216,1,°C,16.96,2019-07-16T16:01:43.000Z,0.1,,2019-07-16T,18:01:43,02:00:00,16:01:43,.000Z,16:01:43,,
51.96186,7.61216,1,°C,16.97,2019-07-16T16:01:44.000Z,0.1,,2019-07-16T,18:01:44,02:00:00,16:01:44,.000Z,16:01:44,,
51.96188,7.61243,1,°C,16.96,2019-07-16T16:01:45.000Z,0.1,,2019-07-16T,18:01:45,02:00:00,16:01:45,.000Z,16:01:45,,
51.96188,7.61243,1,°C,16.97,2019-07-16T16:01:46.000Z,0.1,,2019-07-16T,18:01:46,02:00:00,16:01:46,.000Z,16:01:46,,
51.96187,7.61261,1,°C,16.96,2019-07-16T16:01:47.000Z,0.1,,2019-07-16T,18:01:47,02:00:00,16:01:47,.000Z,16:01:47,,
51.96187,7.61261,1,°C,16.97,2019-07-16T16:01:48.000Z,0.1,,2019-07-16T,18:01:48,02:00:00,16:01:48,.000Z,16:01:48,,
51.96188,7.61277,1,°C,16.94,2019-07-16T16:01:49.000Z,0.1,,2019-07-16T,18:01:49,02:00:00,16:01:49,.000Z,16:01:49,,
51.96188,7.61277,1,°C,16.96,2019-07-16T16:01:50.000Z,0.1,,2019-07-16T,18:01:50,02:00:00,16:01:50,.000Z,16:01:50,,
51.96188,7.61285,1,°C,16.94,2019-07-16T16:01:51.000Z,0.1,,2019-07-16T,18:01:51,02:00:00,16:01:51,.000Z,16:01:51,,
51.96188,7.61285,1,°C,16.93,2019-07-16T16:01:52.000Z,0.1,,2019-07-16T,18:01:52,02:00:00,16:01:52,.000Z,16:01:52,,
51.96191,7.6131,1,°C,16.93,2019-07-16T16:01:53.000Z,0.1,,2019-07-16T,18:01:53,02:00:00,16:01:53,.000Z,16:01:53,,
51.96191,7.61323,1,°C,16.94,2019-07-16T16:01:54.000Z,0.1,,2019-07-16T,18:01:54,02:00:00,16:01:54,.000Z,16:01:54,,
51.96192,7.61323,1,°C,16.93,2019-07-16T16:01:55.000Z,0.1,,2019-07-16T,18:01:55,02:00:00,16:01:55,.000Z,16:01:55,,
51.96192,7.61338,1,°C,16.93,2019-07-16T16:01:56.000Z,0.1,,2019-07-16T,18:01:56,02:00:00,16:01:56,.000Z,16:01:56,,
51.96192,7.61338,1,°C,16.94,2019-07-16T16:01:57.000Z,0.1,,2019-07-16T,18:01:57,02:00:00,16:01:57,.000Z,16:01:57,,
51.96194,7.61365,1,°C,16.93,2019-07-16T16:01:58.000Z,0.1,,2019-07-16T,18:01:58,02:00:00,16:01:58,.000Z,16:01:58,,
51.96194,7.61365,1,°C,16.93,2019-07-16T16:01:59.000Z,0.1,,2019-07-16T,18:01:59,02:00:00,16:01:59,.000Z,16:01:59,,
51.96195,7.6138,1,°C,16.93,2019-07-16T16:02:00.000Z,0.1,,2019-07-16T,18:02:00,02:00:00,16:02:00,.000Z,16:02:00,,
51.96195,7.6138,1,°C,16.89,2019-07-16T16:02:01.000Z,0.1,,2019-07-16T,18:02:01,02:00:00,16:02:01,.000Z,16:02:01,,
51.96195,7.61389,1,°C,16.89,2019-07-16T16:02:02.000Z,0.1,,2019-07-16T,18:02:02,02:00:00,16:02:02,.000Z,16:02:02,,
51.96195,7.61389,1,°C,16.89,2019-07-16T16:02:03.000Z,0.1,,2019-07-16T,18:02:03,02:00:00,16:02:03,.000Z,16:02:03,,
51.96196,7.61409,1,°C,16.89,2019-07-16T16:02:04.000Z,0.1,,2019-07-16T,18:02:04,02:00:00,16:02:04,.000Z,16:02:04,,
51.96196,7.61419,1,°C,16.88,2019-07-16T16:02:05.000Z,0.1,,2019-07-16T,18:02:05,02:00:00,16:02:05,.000Z,16:02:05,,
51.96196,7.61419,1,°C,16.88,2019-07-16T16:02:06.000Z,0.1,,2019-07-16T,18:02:06,02:00:00,16:02:06,.000Z,16:02:06,,
51.96196,7.61425,1,°C,16.86,2019-07-16T16:02:07.000Z,0.0,,2019-07-16T,18:02:07,02:00:00,16:02:07,.000Z,16:02:07,,
51.96196,7.61425,1,°C,16.85,2019-07-16T16:02:08.000Z,0.0,,2019-07-16T,18:02:08,02:00:00,16:02:08,.000Z,16:02:08,,
51.96196,7.61426,1,°C,16.86,2019-07-16T16:02:09.000Z,0.0,,2019-07-16T,18:02:09,02:00:00,16:02:09,.000Z,16:02:09,,
51.96196,7.61426,1,°C,16.85,2019-07-16T16:02:10.000Z,0.0,,2019-07-16T,18:02:10,02:00:00,16:02:10,.000Z,16:02:10,,
51.96196,7.61427,1,°C,16.85,2019-07-16T16:02:11.000Z,0.0,,2019-07-16T,18:02:11,02:00:00,16:02:11,.000Z,16:02:11,,
51.96196,7.61428,1,°C,16.83,2019-07-16T16:02:12.000Z,0.0,,2019-07-16T,18:02:12,02:00:00,16:02:12,.000Z,16:02:12,,
51.96196,7.61428,1,°C,16.86,2019-07-16T16:02:13.000Z,0.0,,2019-07-16T,18:02:13,02:00:00,16:02:13,.000Z,16:02:13,,
51.96196,7.61428,1,°C,16.85,2019-07-16T16:02:14.000Z,0.0,,2019-07-16T,18:02:14,02:00:00,16:02:14,.000Z,16:02:14,,
51.96196,7.61428,1,°C,16.82,2019-07-16T16:02:15.000Z,0.0,,2019-07-16T,18:02:15,02:00:00,16:02:15,.000Z,16:02:15,,
51.96196,7.61429,1,°C,16.85,2019-07-16T16:02:16.000Z,0.0,,2019-07-16T,18:02:16,02:00:00,16:02:16,.000Z,16:02:16,,
51.96196,7.6143,1,°C,16.83,2019-07-16T16:02:17.000Z,0.0,,2019-07-16T,18:02:17,02:00:00,16:02:17,.000Z,16:02:17,,
51.96196,7.6143,1,°C,16.83,2019-07-16T16:02:18.000Z,0.0,,2019-07-16T,18:02:18,02:00:00,16:02:18,.000Z,16:02:18,,
51.96196,7.6143,1,°C,16.81,2019-07-16T16:02:19.000Z,0.0,,2019-07-16T,18:02:19,02:00:00,16:02:19,.000Z,16:02:19,,
51.96196,7.6143,1,°C,16.82,2019-07-16T16:02:20.000Z,0.0,,2019-07-16T,18:02:20,02:00:00,16:02:20,.000Z,16:02:20,,
51.96195,7.61431,1,°C,16.82,2019-07-16T16:02:21.000Z,0.0,,2019-07-16T,18:02:21,02:00:00,16:02:21,.000Z,16:02:21,,
51.96195,7.61431,1,°C,16.82,2019-07-16T16:02:22.000Z,0.0,,2019-07-16T,18:02:22,02:00:00,16:02:22,.000Z,16:02:22,,
51.96195,7.61433,1,°C,16.81,2019-07-16T16:02:23.000Z,0.0,,2019-07-16T,18:02:23,02:00:00,16:02:23,.000Z,16:02:23,,
51.96195,7.6144,1,°C,16.82,2019-07-16T16:02:24.000Z,0.0,,2019-07-16T,18:02:24,02:00:00,16:02:24,.000Z,16:02:24,,
51.96194,7.6144,1,°C,16.82,2019-07-16T16:02:25.000Z,0.0,,2019-07-16T,18:02:25,02:00:00,16:02:25,.000Z,16:02:25,,
51.96193,7.61456,1,°C,16.82,2019-07-16T16:02:26.000Z,0.0,,2019-07-16T,18:02:26,02:00:00,16:02:26,.000Z,16:02:26,,
51.96193,7.61456,1,°C,16.82,2019-07-16T16:02:27.000Z,0.0,,2019-07-16T,18:02:27,02:00:00,16:02:27,.000Z,16:02:27,,
51.96193,7.61463,1,°C,16.83,2019-07-16T16:02:28.000Z,0.0,,2019-07-16T,18:02:28,02:00:00,16:02:28,.000Z,16:02:28,,
51.96193,7.61463,1,°C,16.83,2019-07-16T16:02:29.000Z,0.0,,2019-07-16T,18:02:29,02:00:00,16:02:29,.000Z,16:02:29,,
51.96191,7.61476,1,°C,16.83,2019-07-16T16:02:30.000Z,0.0,,2019-07-16T,18:02:30,02:00:00,16:02:30,.000Z,16:02:30,,
51.96191,7.61476,1,°C,16.83,2019-07-16T16:02:31.000Z,0.0,,2019-07-16T,18:02:31,02:00:00,16:02:31,.000Z,16:02:31,,
51.96191,7.61489,1,°C,16.85,2019-07-16T16:02:32.000Z,0.0,,2019-07-16T,18:02:32,02:00:00,16:02:32,.000Z,16:02:32,,
51.96191,7.61489,1,°C,16.85,2019-07-16T16:02:33.000Z,0.0,,2019-07-16T,18:02:33,02:00:00,16:02:33,.000Z,16:02:33,,
51.96194,7.61509,1,°C,16.83,2019-07-16T16:02:34.000Z,0.0,,2019-07-16T,18:02:34,02:00:00,16:02:34,.000Z,16:02:34,,
51.96194,7.61523,1,°C,16.85,2019-07-16T16:02:35.000Z,0.0,,2019-07-16T,18:02:35,02:00:00,16:02:35,.000Z,16:02:35,,
51.96196,7.61523,1,°C,16.86,2019-07-16T16:02:36.000Z,0.0,,2019-07-16T,18:02:36,02:00:00,16:02:36,.000Z,16:02:36,,
51.96196,7.61523,1,°C,16.83,2019-07-16T16:02:37.000Z,0.0,,2019-07-16T,18:02:37,02:00:00,16:02:37,.000Z,16:02:37,,
51.96197,7.61554,1,°C,16.86,2019-07-16T16:02:38.000Z,0.0,,2019-07-16T,18:02:38,02:00:00,16:02:38,.000Z,16:02:38,,
51.96197,7.61554,1,°C,16.86,2019-07-16T16:02:39.000Z,0.0,,2019-07-16T,18:02:39,02:00:00,16:02:39,.000Z,16:02:39,,
51.96196,7.61563,1,°C,16.85,2019-07-16T16:02:40.000Z,0.0,,2019-07-16T,18:02:40,02:00:00,16:02:40,.000Z,16:02:40,,
51.96196,7.61563,1,°C,16.86,2019-07-16T16:02:41.000Z,0.0,,2019-07-16T,18:02:41,02:00:00,16:02:41,.000Z,16:02:41,,
51.96196,7.6158,1,°C,16.88,2019-07-16T16:02:42.000Z,0.1,,2019-07-16T,18:02:42,02:00:00,16:02:42,.000Z,16:02:42,,
51.96196,7.6158,1,°C,16.85,2019-07-16T16:02:43.000Z,0.0,,2019-07-16T,18:02:43,02:00:00,16:02:43,.000Z,16:02:43,,
51.96195,7.61598,1,°C,16.88,2019-07-16T16:02:44.000Z,0.1,,2019-07-16T,18:02:44,02:00:00,16:02:44,.000Z,16:02:44,,
51.96195,7.61625,1,°C,16.89,2019-07-16T16:02:45.000Z,0.1,,2019-07-16T,18:02:45,02:00:00,16:02:45,.000Z,16:02:45,,
51.96195,7.61625,1,°C,16.89,2019-07-16T16:02:46.000Z,0.1,,2019-07-16T,18:02:46,02:00:00,16:02:46,.000Z,16:02:46,,
51.96195,7.61643,1,°C,16.88,2019-07-16T16:02:47.000Z,0.1,,2019-07-16T,18:02:47,02:00:00,16:02:47,.000Z,16:02:47,,
51.96194,7.61643,1,°C,16.91,2019-07-16T16:02:48.000Z,0.1,,2019-07-16T,18:02:48,02:00:00,16:02:48,.000Z,16:02:48,,
51.96194,7.61659,1,°C,16.91,2019-07-16T16:02:49.000Z,0.1,,2019-07-16T,18:02:49,02:00:00,16:02:49,.000Z,16:02:49,,
51.96194,7.61659,1,°C,16.91,2019-07-16T16:02:50.000Z,0.1,,2019-07-16T,18:02:50,02:00:00,16:02:50,.000Z,16:02:50,,
51.96192,7.61683,1,°C,16.91,2019-07-16T16:02:51.000Z,0.1,,2019-07-16T,18:02:51,02:00:00,16:02:51,.000Z,16:02:51,,
51.96192,7.61683,1,°C,16.93,2019-07-16T16:02:52.000Z,0.1,,2019-07-16T,18:02:52,02:00:00,16:02:52,.000Z,16:02:52,,
51.96191,7.61696,1,°C,16.93,2019-07-16T16:02:53.000Z,0.1,,2019-07-16T,18:02:53,02:00:00,16:02:53,.000Z,16:02:53,,
51.96191,7.61696,1,°C,16.91,2019-07-16T16:02:54.000Z,0.1,,2019-07-16T,18:02:54,02:00:00,16:02:54,.000Z,16:02:54,,
51.96191,7.61701,1,°C,16.91,2019-07-16T16:02:55.000Z,0.1,,2019-07-16T,18:02:55,02:00:00,16:02:55,.000Z,16:02:55,,
51.96191,7.61706,1,°C,16.93,2019-07-16T16:02:56.000Z,0.1,,2019-07-16T,18:02:56,02:00:00,16:02:56,.000Z,16:02:56,,
51.96191,7.61706,1,°C,16.91,2019-07-16T16:02:57.000Z,0.1,,2019-07-16T,18:02:57,02:00:00,16:02:57,.000Z,16:02:57,,
51.96191,7.61706,1,°C,16.91,2019-07-16T16:02:58.000Z,0.1,,2019-07-16T,18:02:58,02:00:00,16:02:58,.000Z,16:02:58,,
51.96191,7.61706,1,°C,16.89,2019-07-16T16:02:59.000Z,0.1,,2019-07-16T,18:02:59,02:00:00,16:02:59,.000Z,16:02:59,,
51.9619,7.61706,1,°C,16.93,2019-07-16T16:03:00.000Z,0.1,,2019-07-16T,18:03:00,02:00:00,16:03:00,.000Z,16:03:00,,
51.9619,7.61708,1,°C,16.93,2019-07-16T16:03:01.000Z,0.1,,2019-07-16T,18:03:01,02:00:00,16:03:01,.000Z,16:03:01,,
51.96189,7.61708,1,°C,16.93,2019-07-16T16:03:02.000Z,0.1,,2019-07-16T,18:03:02,02:00:00,16:03:02,.000Z,16:03:02,,
51.96189,7.61708,1,°C,16.91,2019-07-16T16:03:03.000Z,0.1,,2019-07-16T,18:03:03,02:00:00,16:03:03,.000Z,16:03:03,,
51.96189,7.61708,1,°C,16.91,2019-07-16T16:03:04.000Z,0.1,,2019-07-16T,18:03:04,02:00:00,16:03:04,.000Z,16:03:04,,
51.96189,7.61709,1,°C,16.91,2019-07-16T16:03:05.000Z,0.1,,2019-07-16T,18:03:05,02:00:00,16:03:05,.000Z,16:03:05,,
51.96189,7.61709,1,°C,16.91,2019-07-16T16:03:06.000Z,0.1,,2019-07-16T,18:03:06,02:00:00,16:03:06,.000Z,16:03:06,,
51.9619,7.61709,1,°C,16.91,2019-07-16T16:03:07.000Z,0.1,,2019-07-16T,18:03:07,02:00:00,16:03:07,.000Z,16:03:07,,
51.9619,7.6171,1,°C,16.91,2019-07-16T16:03:08.000Z,0.1,,2019-07-16T,18:03:08,02:00:00,16:03:08,.000Z,16:03:08,,
51.9619,7.6171,1,°C,16.89,2019-07-16T16:03:09.000Z,0.1,,2019-07-16T,18:03:09,02:00:00,16:03:09,.000Z,16:03:09,,
51.9619,7.61716,1,°C,16.91,2019-07-16T16:03:10.000Z,0.1,,2019-07-16T,18:03:10,02:00:00,16:03:10,.000Z,16:03:10,,
51.9619,7.61716,1,°C,16.93,2019-07-16T16:03:11.000Z,0.1,,2019-07-16T,18:03:11,02:00:00,16:03:11,.000Z,16:03:11,,
51.96191,7.61723,1,°C,16.93,2019-07-16T16:03:12.000Z,0.1,,2019-07-16T,18:03:12,02:00:00,16:03:12,.000Z,16:03:12,,
51.96191,7.61723,1,°C,16.89,2019-07-16T16:03:13.000Z,0.1,,2019-07-16T,18:03:13,02:00:00,16:03:13,.000Z,16:03:13,,
51.9619,7.61738,1,°C,16.93,2019-07-16T16:03:14.000Z,0.1,,2019-07-16T,18:03:14,02:00:00,16:03:14,.000Z,16:03:14,,
51.9619,7.61738,1,°C,16.91,2019-07-16T16:03:15.000Z,0.1,,2019-07-16T,18:03:15,02:00:00,16:03:15,.000Z,16:03:15,,
51.96191,7.61749,1,°C,16.91,2019-07-16T16:03:16.000Z,0.1,,2019-07-16T,18:03:16,02:00:00,16:03:16,.000Z,16:03:16,,
51.96191,7.61761,1,°C,16.89,2019-07-16T16:03:17.000Z,0.1,,2019-07-16T,18:03:17,02:00:00,16:03:17,.000Z,16:03:17,,
51.9619,7.61761,1,°C,16.91,2019-07-16T16:03:18.000Z,0.1,,2019-07-16T,18:03:18,02:00:00,16:03:18,.000Z,16:03:18,,
51.96189,7.61781,1,°C,16.89,2019-07-16T16:03:19.000Z,0.1,,2019-07-16T,18:03:19,02:00:00,16:03:19,.000Z,16:03:19,,
51.96189,7.61781,1,°C,16.91,2019-07-16T16:03:20.000Z,0.1,,2019-07-16T,18:03:20,02:00:00,16:03:20,.000Z,16:03:20,,
51.96188,7.61795,1,°C,16.91,2019-07-16T16:03:21.000Z,0.1,,2019-07-16T,18:03:21,02:00:00,16:03:21,.000Z,16:03:21,,
51.96188,7.61795,1,°C,16.91,2019-07-16T16:03:22.000Z,0.1,,2019-07-16T,18:03:22,02:00:00,16:03:22,.000Z,16:03:22,,
51.96186,7.61802,1,°C,16.88,2019-07-16T16:03:23.000Z,0.1,,2019-07-16T,18:03:23,02:00:00,16:03:23,.000Z,16:03:23,,
51.96186,7.61802,1,°C,16.93,2019-07-16T16:03:24.000Z,0.1,,2019-07-16T,18:03:24,02:00:00,16:03:24,.000Z,16:03:24,,
51.96184,7.61826,1,°C,16.88,2019-07-16T16:03:25.000Z,0.1,,2019-07-16T,18:03:25,02:00:00,16:03:25,.000Z,16:03:25,,
51.96184,7.6184,1,°C,16.91,2019-07-16T16:03:26.000Z,0.1,,2019-07-16T,18:03:26,02:00:00,16:03:26,.000Z,16:03:26,,
51.96183,7.6184,1,°C,16.91,2019-07-16T16:03:27.000Z,0.1,,2019-07-16T,18:03:27,02:00:00,16:03:27,.000Z,16:03:27,,
51.96183,7.61849,1,°C,16.91,2019-07-16T16:03:28.000Z,0.1,,2019-07-16T,18:03:28,02:00:00,16:03:28,.000Z,16:03:28,,
51.96181,7.61849,1,°C,16.91,2019-07-16T16:03:29.000Z,0.1,,2019-07-16T,18:03:29,02:00:00,16:03:29,.000Z,16:03:29,,
51.96181,7.61858,1,°C,16.89,2019-07-16T16:03:30.000Z,0.1,,2019-07-16T,18:03:30,02:00:00,16:03:30,.000Z,16:03:30,,
51.96181,7.61858,1,°C,16.91,2019-07-16T16:03:31.000Z,0.1,,2019-07-16T,18:03:31,02:00:00,16:03:31,.000Z,16:03:31,,
51.9618,7.61867,1,°C,16.91,2019-07-16T16:03:32.000Z,0.1,,2019-07-16T,18:03:32,02:00:00,16:03:32,.000Z,16:03:32,,
51.9618,7.61867,1,°C,16.89,2019-07-16T16:03:33.000Z,0.1,,2019-07-16T,18:03:33,02:00:00,16:03:33,.000Z,16:03:33,,
51.96179,7.61869,1,°C,16.89,2019-07-16T16:03:34.000Z,0.1,,2019-07-16T,18:03:34,02:00:00,16:03:34,.000Z,16:03:34,,
51.96179,7.61873,1,°C,16.89,2019-07-16T16:03:35.000Z,0.1,,2019-07-16T,18:03:35,02:00:00,16:03:35,.000Z,16:03:35,,
51.96179,7.61873,1,°C,16.91,2019-07-16T16:03:36.000Z,0.1,,2019-07-16T,18:03:36,02:00:00,16:03:36,.000Z,16:03:36,,
51.96179,7.61879,1,°C,16.91,2019-07-16T16:03:37.000Z,0.1,,2019-07-16T,18:03:37,02:00:00,16:03:37,.000Z,16:03:37,,
51.96179,7.61879,1,°C,16.91,2019-07-16T16:03:38.000Z,0.1,,2019-07-16T,18:03:38,02:00:00,16:03:38,.000Z,16:03:38,,
51.9618,7.61883,1,°C,16.91,2019-07-16T16:03:39.000Z,0.1,,2019-07-16T,18:03:39,02:00:00,16:03:39,.000Z,16:03:39,,
51.9618,7.61883,1,°C,16.93,2019-07-16T16:03:40.000Z,0.1,,2019-07-16T,18:03:40,02:00:00,16:03:40,.000Z,16:03:40,,
51.96179,7.61886,1,°C,16.91,2019-07-16T16:03:41.000Z,0.1,,2019-07-16T,18:03:41,02:00:00,16:03:41,.000Z,16:03:41,,
51.96179,7.61893,1,°C,16.91,2019-07-16T16:03:42.000Z,0.1,,2019-07-16T,18:03:42,02:00:00,16:03:42,.000Z,16:03:42,,
51.96179,7.61893,1,°C,16.91,2019-07-16T16:03:43.000Z,0.1,,2019-07-16T,18:03:43,02:00:00,16:03:43,.000Z,16:03:43,,
51.96179,7.61894,1,°C,16.91,2019-07-16T16:03:44.000Z,0.1,,2019-07-16T,18:03:44,02:00:00,16:03:44,.000Z,16:03:44,,
51.96179,7.61894,1,°C,16.91,2019-07-16T16:03:45.000Z,0.1,,2019-07-16T,18:03:45,02:00:00,16:03:45,.000Z,16:03:45,,
51.9618,7.61895,1,°C,16.93,2019-07-16T16:03:46.000Z,0.1,,2019-07-16T,18:03:46,02:00:00,16:03:46,.000Z,16:03:46,,
51.9618,7.61897,1,°C,16.89,2019-07-16T16:03:47.000Z,0.1,,2019-07-16T,18:03:47,02:00:00,16:03:47,.000Z,16:03:47,,
51.9618,7.61897,1,°C,16.91,2019-07-16T16:03:48.000Z,0.1,,2019-07-16T,18:03:48,02:00:00,16:03:48,.000Z,16:03:48,,
51.96178,7.61902,1,°C,16.91,2019-07-16T16:03:49.000Z,0.1,,2019-07-16T,18:03:49,02:00:00,16:03:49,.000Z,16:03:49,,
51.96178,7.61902,1,°C,16.91,2019-07-16T16:03:50.000Z,0.1,,2019-07-16T,18:03:50,02:00:00,16:03:50,.000Z,16:03:50,,
51.96177,7.6191,1,°C,16.89,2019-07-16T16:03:51.000Z,0.1,,2019-07-16T,18:03:51,02:00:00,16:03:51,.000Z,16:03:51,,
51.96177,7.6191,1,°C,16.93,2019-07-16T16:03:52.000Z,0.1,,2019-07-16T,18:03:52,02:00:00,16:03:52,.000Z,16:03:52,,
51.96175,7.61921,1,°C,16.89,2019-07-16T16:03:53.000Z,0.1,,2019-07-16T,18:03:53,02:00:00,16:03:53,.000Z,16:03:53,,
51.96175,7.61921,1,°C,16.89,2019-07-16T16:03:54.000Z,0.1,,2019-07-16T,18:03:54,02:00:00,16:03:54,.000Z,16:03:54,,
51.9617,7.61929,1,°C,16.91,2019-07-16T16:03:55.000Z,0.1,,2019-07-16T,18:03:55,02:00:00,16:03:55,.000Z,16:03:55,,
51.9617,7.61929,1,°C,16.91,2019-07-16T16:03:56.000Z,0.1,,2019-07-16T,18:03:56,02:00:00,16:03:56,.000Z,16:03:56,,
51.96168,7.61941,1,°C,16.89,2019-07-16T16:03:57.000Z,0.1,,2019-07-16T,18:03:57,02:00:00,16:03:57,.000Z,16:03:57,,
51.96168,7.61953,1,°C,16.91,2019-07-16T16:03:58.000Z,0.1,,2019-07-16T,18:03:58,02:00:00,16:03:58,.000Z,16:03:58,,
51.96165,7.61953,1,°C,16.91,2019-07-16T16:03:59.000Z,0.1,,2019-07-16T,18:03:59,02:00:00,16:03:59,.000Z,16:03:59,,
51.96165,7.6197,1,°C,16.93,2019-07-16T16:04:00.000Z,0.1,,2019-07-16T,18:04:00,02:00:00,16:04:00,.000Z,16:04:00,,
51.96156,7.6197,1,°C,16.91,2019-07-16T16:04:01.000Z,0.1,,2019-07-16T,18:04:01,02:00:00,16:04:01,.000Z,16:04:01,,
51.96145,7.61984,1,°C,16.93,2019-07-16T16:04:02.000Z,0.1,,2019-07-16T,18:04:02,02:00:00,16:04:02,.000Z,16:04:02,,
51.96145,7.61984,1,°C,16.89,2019-07-16T16:04:03.000Z,0.1,,2019-07-16T,18:04:03,02:00:00,16:04:03,.000Z,16:04:03,,
51.96134,7.61992,1,°C,16.93,2019-07-16T16:04:04.000Z,0.1,,2019-07-16T,18:04:04,02:00:00,16:04:04,.000Z,16:04:04,,
51.96134,7.61992,1,°C,16.93,2019-07-16T16:04:05.000Z,0.1,,2019-07-16T,18:04:05,02:00:00,16:04:05,.000Z,16:04:05,,
51.96124,7.61999,1,°C,16.93,2019-07-16T16:04:06.000Z,0.1,,2019-07-16T,18:04:06,02:00:00,16:04:06,.000Z,16:04:06,,
,,,,,,,,,,,,,,,
,,,,,,,,,,,,,,,
,,,,,,,,,,,,,,,
,,,,,,,,,,,,,,,
,,,,,,,,,,,,,,,
,,,,,,,,,,,,,,,
,,,,,,,,,,,,,,,
,,,,,,,,,,,,,,,
,,,,,,,,,,,,,,,
,,,,,,,,,,,,,,,
,,,,,,,,,,,,,,,
,,,,,,,,,,,,,,,
,,,,,,,,,,,,,,,
,,,,,,,,,,,,,,,
,,,,,,,,,,,,,,,
,,,,,,,,,,,,,,,
,,,,,,,,,,,,,,,
,,,,,,,,,,,,,,,
,,,,,,,,,,,,,,,
,,,,,,,,,,,,,,,
,,,,,,,,,,,,,,,
,,,,,,,,,,,,,,,
,,,,,,,,,,,,,,,
,,,,,,,,,,,,,,,
,,,,,,,,,,,,,,,
,,,,,,,,,,,,,,,
,,,,,,,,,,,,,,,
,,,,,,,,,,,,,,,
,,,,,,,,,,,,,,,
,,,,,,,,,,,,,,,
,,,,,,,,,,,,,,,
,,,,,,,,,,,,,,,
,,,,,,,,,,,,,,,
,,,,,,,,,,,,,,,
,,,,,,,,,,,,,,,
,,,,,,,,,,,,,,,
,,,,,,,,,,,,,,,
,,,,,,,,,,,,,,,
,,,,,,,,,,,,,,,
,,,,,,,,,,,,,,,
,,,,,,,,,,,,,,,
,,,,,,,,,,,,,,,
,,,,,,,,,,,,,,,
,,,,,,,,,,,,,,,
,,,,,,,,,,,,,,,
,,,,,,,,,,,,,,,
,,,,,,,,,,,,,,,
,,,,,,,,,,,,,,,
,,,,,,,,,,,,,,,
,,,,,,,,,,,,,,,
,,,,,,,,,,,,,,,
,,,,,,,,,,,,,,,
,,,,,,,,,,,,,,,
,,,,,,,,,,,,,,,
,,,,,,,,,,,,,,,
,,,,,,,,,,,,,,,
,,,,,,,,,,,,,,,
,,,,,,,,,,,,,,,
,,,,,,,,,,,,,,,
,,,,,,,,,,,,,,,
,,,,,,,,,,,,,,,
,,,,,,,,,,,,,,,
,,,,,,,,,,,,,,,
,,,,,,,,,,,,,,,
,,,,,,,,,,,,,,,
,,,,,,,,,,,,,,,
,,,,,,,,,,,,,,,
,,,,,,,,,,,,,,,
,,,,,,,,,,,,,,,
,,,,,,,,,,,,,,,
,,,,,,,,,,,,,,,
,,,,,,,,,,,,,,,
,,,,,,,,,,,,,,,
,,,,,,,,,,,,,,,
,,,,,,,,,,,,,,,
,,,,,,,,,,,,,,,
,,,,,,,,,,,,,,,
,,,,,,,,,,,,,,,
,,,,,,,,,,,,,,,
,,,,,,,,,,,,,,,
,,,,,,,,,,,,,,,
,,,,,,,,,,,,,,,
,,,,,,,,,,,,,,,
,,,,,,,,,,,,,,,
,,,,,,,,,,,,,,,
,,,,,,,,,,,,,,,
,,,,,,,,,,,,,,,
,,,,,,,,,,,,,,,
,,,,,,,,,,,,,,,
,,,,,,,,,,,,,,,
,,,,,,,,,,,,,,,
,,,,,,,,,,,,,,,
,,,,,,,,,,,,,,,
,,,,,,,,,,,,,,,
,,,,,,,,,,,,,,,
,,,,,,,,,,,,,,,
,,,,,,,,,,,,,,,
,,,,,,,,,,,,,,,
,,,,,,,,,,,,,,,
,,,,,,,,,,,,,,,
,,,,,,,,,,,,,,,
,,,,,,,,,,,,,,,
,,,,,,,,,,,,,,,
,,,,,,,,,,,,,,,
,,,,,,,,,,,,,,,
,,,,,,,,,,,,,,,
,,,,,,,,,,,,,,,
,,,,,,,,,,,,,,,
,,,,,,,,,,,,,,,
,,,,,,,,,,,,,,,
,,,,,,,,,,,,,,,
,,,,,,,,,,,,,,,
,,,,,,,,,,,,,,,
,,,,,,,,,,,,,,,
,,,,,,,,,,,,,,,
,,,,,,,,,,,,,,,
,,,,,,,,,,,,,,,
,,,,,,,,,,,,,,,
,,,,,,,,,,,,,,,
,,,,,,,,,,,,,,,
,,,,,,,,,,,,,,,
,,,,,,,,,,,,,,,
,,,,,,,,,,,,,,,
,,,,,,,,,,,,,,,
,,,,,,,,,,,,,,,
,,,,,,,,,,,,,,,
,,,,,,,,,,,,,,,
,,,,,,,,,,,,,,,
,,,,,,,,,,,,,,,
,,,,,,,,,,,,,,,
,,,,,,,,,,,,,,,
,,,,,,,,,,,,,,,
,,,,,,,,,,,,,,,
,,,,,,,,,,,,,,,
,,,,,,,,,,,,,,,
,,,,,,,,,,,,,,,
,,,,,,,,,,,,,,,
,,,,,,,,,,,,,,,
,,,,,,,,,,,,,,,
,,,,,,,,,,,,,,,
,,,,,,,,,,,,,,,
,,,,,,,,,,,,,,,
,,,,,,,,,,,,,,,
,,,,,,,,,,,,,,,
,,,,,,,,,,,,,,,
,,,,,,,,,,,,,,,
,,,,,,,,,,,,,,,
,,,,,,,,,,,,,,,
,,,,,,,,,,,,,,,
,,,,,,,,,,,,,,,
,,,,,,,,,,,,,,,
,,,,,,,,,,,,,,,
,,,,,,,,,,,,,,,
,,,,,,,,,,,,,,,
,,,,,,,,,,,,,,,
,,,,,,,,,,,,,,,
,,,,,,,,,,,,,,,
,,,,,,,,,,,,,,,
,,,,,,,,,,,,,,,
,,,,,,,,,,,,,,,
,,,,,,,,,,,,,,,
,,,,,,,,,,,,,,,
,,,,,,,,,,,,,,,
,,,,,,,,,,,,,,,
,,,,,,,,,,,,,,,
,,,,,,,,,,,,,,,
,,,,,,,,,,,,,,,
,,,,,,,,,,,,,,,
,,,,,,,,,,,,,,,
,,,,,,,,,,,,,,,
,,,,,,,,,,,,,,,
,,,,,,,,,,,,,,,
,,,,,,,,,,,,,,,
,,,,,,,,,,,,,,,
,,,,,,,,,,,,,,,
,,,,,,,,,,,,,,,
,,,,,,,,,,,,,,,
,,,,,,,,,,,,,,,
,,,,,,,,,,,,,,,
,,,,,,,,,,,,,,,
,,,,,,,,,,,,,,,
,,,,,,,,,,,,,,,
,,,,,,,,,,,,,,,
,,,,,,,,,,,,,,,
,,,,,,,,,,,,,,,
,,,,,,,,,,,,,,,
,,,,,,,,,,,,,,,
,,,,,,,,,,,,,,,
,,,,,,,,,,,,,,,
,,,,,,,,,,,,,,,
,,,,,,,,,,,,,,,
,,,,,,,,,,,,,,,
,,,,,,,,,,,,,,,
,,,,,,,,,,,,,,,
,,,,,,,,,,,,,,,
,,,,,,,,,,,,,,,
,,,,,,,,,,,,,,,
,,,,,,,,,,,,,,,
,,,,,,,,,,,,,,,
,,,,,,,,,,,,,,,
,,,,,,,,,,,,,,,
,,,,,,,,,,,,,,,
,,,,,,,,,,,,,,,
,,,,,,,,,,,,,,,
,,,,,,,,,,,,,,,
,,,,,,,,,,,,,,,
,,,,,,,,,,,,,,,
,,,,,,,,,,,,,,,
,,,,,,,,,,,,,,,
,,,,,,,,,,,,,,,
,,,,,,,,,,,,,,,
,,,,,,,,,,,,,,,
,,,,,,,,,,,,,,,
,,,,,,,,,,,,,,,
,,,,,,,,,,,,,,,
,,,,,,,,,,,,,,,
,,,,,,,,,,,,,,,
,,,,,,,,,,,,,,,
,,,,,,,,,,,,,,,
,,,,,,,,,,,,,,,
,,,,,,,,,,,,,,,
,,,,,,,,,,,,,,,
,,,,,,,,,,,,,,,
,,,,,,,,,,,,,,,
,,,,,,,,,,,,,,,
,,,,,,,,,,,,,,,
,,,,,,,,,,,,,,,
,,,,,,,,,,,,,,,
,,,,,,,,,,,,,,,
,,,,,,,,,,,,,,,
,,,,,,,,,,,,,,,
,,,,,,,,,,,,,,,
,,,,,,,,,,,,,,,
,,,,,,,,,,,,,,,
,,,,,,,,,,,,,,,
,,,,,,,,,,,,,,,
,,,,,,,,,,,,,,,
,,,,,,,,,,,,,,,
,,,,,,,,,,,,,,,
,,,,,,,,,,,,,,,
,,,,,,,,,,,,,,,
,,,,,,,,,,,,,,,
,,,,,,,,,,,,,,,
,,,,,,,,,,,,,,,
,,,,,,,,,,,,,,,
,,,,,,,,,,,,,,,
,,,,,,,,,,,,,,,
,,,,,,,,,,,,,,,
,,,,,,,,,,,,,,,
,,,,,,,,,,,,,,,
,,,,,,,,,,,,,,,
,,,,,,,,,,,,,,,
,,,,,,,,,,,,,,,
,,,,,,,,,,,,,,,
,,,,,,,,,,,,,,,
,,,,,,,,,,,,,,,
,,,,,,,,,,,,,,,
,,,,,,,,,,,,,,,
,,,,,,,,,,,,,,,
,,,,,,,,,,,,,,,
,,,,,,,,,,,,,,,
,,,,,,,,,,,,,,,
,,,,,,,,,,,,,,,
,,,,,,,,,,,,,,,
,,,,,,,,,,,,,,,
,,,,,,,,,,,,,,,
,,,,,,,,,,,,,,,
,,,,,,,,,,,,,,,
,,,,,,,,,,,,,,,
,,,,,,,,,,,,,,,
,,,,,,,,,,,,,,,
,,,,,,,,,,,,,,,
,,,,,,,,,,,,,,,
,,,,,,,,,,,,,,,
,,,,,,,,,,,,,,,
,,,,,,,,,,,,,,,
,,,,,,,,,,,,,,,
,,,,,,,,,,,,,,,
,,,,,,,,,,,,,,,
,,,,,,,,,,,,,,,
,,,,,,,,,,,,,,,
,,,,,,,,,,,,,,,
,,,,,,,,,,,,,,,
,,,,,,,,,,,,,,,
,,,,,,,,,,,,,,,
,,,,,,,,,,,,,,,
,,,,,,,,,,,,,,,
,,,,,,,,,,,,,,,
,,,,,,,,,,,,,,,
,,,,,,,,,,,,,,,
,,,,,,,,,,,,,,,
,,,,,,,,,,,,,,,
,,,,,,,,,,,,,,,
,,,,,,,,,,,,,,,
,,,,,,,,,,,,,,,
,,,,,,,,,,,,,,,
,,,,,,,,,,,,,,,
,,,,,,,,,,,,,,,
,,,,,,,,,,,,,,,
,,,,,,,,,,,,,,,
,,,,,,,,,,,,,,,
,,,,,,,,,,,,,,,
,,,,,,,,,,,,,,,
,,,,,,,,,,,,,,,
,,,,,,,,,,,,,,,
,,,,,,,,,,,,,,,
,,,,,,,,,,,,,,,
,,,,,,,,,,,,,,,
,,,,,,,,,,,,,,,
,,,,,,,,,,,,,,,
,,,,,,,,,,,,,,,
,,,,,,,,,,,,,,,
,,,,,,,,,,,,,,,
,,,,,,,,,,,,,,,
,,,,,,,,,,,,,,,
,,,,,,,,,,,,,,,
,,,,,,,,,,,,,,,
,,,,,,,,,,,,,,,
,,,,,,,,,,,,,,,
,,,,,,,,,,,,,,,
,,,,,,,,,,,,,,,
,,,,,,,,,,,,,,,
,,,,,,,,,,,,,,,
,,,,,,,,,,,,,,,
,,,,,,,,,,,,,,,
,,,,,,,,,,,,,,,
,,,,,,,,,,,,,,,
,,,,,,,,,,,,,,,
,,,,,,,,,,,,,,,
,,,,,,,,,,,,,,,
,,,,,,,,,,,,,,,
,,,,,,,,,,,,,,,
,,,,,,,,,,,,,,,
,,,,,,,,,,,,,,,
,,,,,,,,,,,,,,,
,,,,,,,,,,,,,,,
,,,,,,,,,,,,,,,
,,,,,,,,,,,,,,,
,,,,,,,,,,,,,,,
,,,,,,,,,,,,,,,
,,,,,,,,,,,,,,,
,,,,,,,,,,,,,,,
,,,,,,,,,,,,,,,
,,,,,,,,,,,,,,,
,,,,,,,,,,,,,,,
,,,,,,,,,,,,,,,
,,,,,,,,,,,,,,,
,,,,,,,,,,,,,,,
,,,,,,,,,,,,,,,
,,,,,,,,,,,,,,,
,,,,,,,,,,,,,,,
,,,,,,,,,,,,,,,
,,,,,,,,,,,,,,,
,,,,,,,,,,,,,,,
,,,,,,,,,,,,,,,
,,,,,,,,,,,,,,,
,,,,,,,,,,,,,,,
,,,,,,,,,,,,,,,
,,,,,,,,,,,,,,,
,,,,,,,,,,,,,,,
,,,,,,,,,,,,,,,
,,,,,,,,,,,,,,,
,,,,,,,,,,,,,,,
,,,,,,,,,,,,,,,
,,,,,,,,,,,,,,,
,,,,,,,,,,,,,,,
,,,,,,,,,,,,,,,
,,,,,,,,,,,,,,,
,,,,,,,,,,,,,,,
,,,,,,,,,,,,,,,
,,,,,,,,,,,,,,,
,,,,,,,,,,,,,,,
,,,,,,,,,,,,,,,
,,,,,,,,,,,,,,,
,,,,,,,,,,,,,,,
,,,,,,,,,,,,,,,
,,,,,,,,,,,,,,,
,,,,,,,,,,,,,,,
,,,,,,,,,,,,,,,
,,,,,,,,,,,,,,,
,,,,,,,,,,,,,,,
,,,,,,,,,,,,,,,
,,,,,,,,,,,,,,,
,,,,,,,,,,,,,,,
,,,,,,,,,,,,,,,
,,,,,,,,,,,,,,,
,,,,,,,,,,,,,,,
,,,,,,,,,,,,,,,
,,,,,,,,,,,,,,,
,,,,,,,,,,,,,,,
,,,,,,,,,,,,,,,
,,,,,,,,,,,,,,,
,,,,,,,,,,,,,,,
,,,,,,,,,,,,,,,
,,,,,,,,,,,,,,,
,,,,,,,,,,,,,,,
,,,,,,,,,,,,,,,
,,,,,,,,,,,,,,,
,,,,,,,,,,,,,,,
,,,,,,,,,,,,,,,
,,,,,,,,,,,,,,,
,,,,,,,,,,,,,,,
,,,,,,,,,,,,,,,
,,,,,,,,,,,,,,,
,,,,,,,,,,,,,,,
,,,,,,,,,,,,,,,
,,,,,,,,,,,,,,,
,,,,,,,,,,,,,,,
,,,,,,,,,,,,,,,
,,,,,,,,,,,,,,,
,,,,,,,,,,,,,,,
,,,,,,,,,,,,,,,
,,,,,,,,,,,,,,,
,,,,,,,,,,,,,,,
,,,,,,,,,,,,,,,
,,,,,,,,,,,,,,,
,,,,,,,,,,,,,,,
,,,,,,,,,,,,,,,
,,,,,,,,,,,,,,,
,,,,,,,,,,,,,,,
,,,,,,,,,,,,,,,
,,,,,,,,,,,,,,,
,,,,,,,,,,,,,,,
,,,,,,,,,,,,,,,
,,,,,,,,,,,,,,,
,,,,,,,,,,,,,,,
,,,,,,,,,,,,,,,
,,,,,,,,,,,,,,,
,,,,,,,,,,,,,,,
,,,,,,,,,,,,,,,
,,,,,,,,,,,,,,,
,,,,,,,,,,,,,,,
,,,,,,,,,,,,,,,
,,,,,,,,,,,,,,,
,,,,,,,,,,,,,,,
,,,,,,,,,,,,,,,
,,,,,,,,,,,,,,,
,,,,,,,,,,,,,,,
,,,,,,,,,,,,,,,
,,,,,,,,,,,,,,,
,,,,,,,,,,,,,,,
,,,,,,,,,,,,,,,
,,,,,,,,,,,,,,,
,,,,,,,,,,,,,,,
,,,,,,,,,,,,,,,
,,,,,,,,,,,,,,,
,,,,,,,,,,,,,,,
,,,,,,,,,,,,,,,
,,,,,,,,,,,,,,,
,,,,,,,,,,,,,,,
,,,,,,,,,,,,,,,
,,,,,,,,,,,,,,,
,,,,,,,,,,,,,,,
,,,,,,,,,,,,,,,
,,,,,,,,,,,,,,,
,,,,,,,,,,,,,,,
,,,,,,,,,,,,,,,
,,,,,,,,,,,,,,,
,,,,,,,,,,,,,,,
,,,,,,,,,,,,,,,
,,,,,,,,,,,,,,,
,,,,,,,,,,,,,,,
,,,,,,,,,,,,,,,
,,,,,,,,,,,,,,,
,,,,,,,,,,,,,,,
,,,,,,,,,,,,,,,
,,,,,,,,,,,,,,,
,,,,,,,,,,,,,,,
,,,,,,,,,,,,,,,
,,,,,,,,,,,,,,,
,,,,,,,,,,,,,,,
,,,,,,,,,,,,,,,
,,,,,,,,,,,,,,,
,,,,,,,,,,,,,,,
,,,,,,,,,,,,,,,
,,,,,,,,,,,,,,,
,,,,,,,,,,,,,,,
,,,,,,,,,,,,,,,
,,,,,,,,,,,,,,,
,,,,,,,,,,,,,,,
,,,,,,,,,,,,,,,
,,,,,,,,,,,,,,,
,,,,,,,,,,,,,,,
,,,,,,,,,,,,,,,
,,,,,,,,,,,,,,,
,,,,,,,,,,,,,,,
,,,,,,,,,,,,,,,
,,,,,,,,,,,,,,,
,,,,,,,,,,,,,,,
,,,,,,,,,,,,,,,
,,,,,,,,,,,,,,,
,,,,,,,,,,,,,,,
,,,,,,,,,,,,,,,
,,,,,,,,,,,,,,,
,,,,,,,,,,,,,,,
,,,,,,,,,,,,,,,
,,,,,,,,,,,,,,,
,,,,,,,,,,,,,,,
,,,,,,,,,,,,,,,
,,,,,,,,,,,,,,,
,,,,,,,,,,,,,,,
,,,,,,,,,,,,,,,
,,,,,,,,,,,,,,,
,,,,,,,,,,,,,,,
,,,,,,,,,,,,,,,
,,,,,,,,,,,,,,,
,,,,,,,,,,,,,,,
,,,,,,,,,,,,,,,
,,,,,,,,,,,,,,,
,,,,,,,,,,,,,,,
,,,,,,,,,,,,,,,
,,,,,,,,,,,,,,,
,,,,,,,,,,,,,,,
,,,,,,,,,,,,,,,
,,,,,,,,,,,,,,,
,,,,,,,,,,,,,,,
,,,,,,,,,,,,,,,
,,,,,,,,,,,,,,,
,,,,,,,,,,,,,,,
,,,,,,,,,,,,,,,
,,,,,,,,,,,,,,,
,,,,,,,,,,,,,,,
,,,,,,,,,,,,,,,
,,,,,,,,,,,,,,,
,,,,,,,,,,,,,,,
,,,,,,,,,,,,,,,
,,,,,,,,,,,,,,,
,,,,,,,,,,,,,,,
,,,,,,,,,,,,,,,
,,,,,,,,,,,,,,,
,,,,,,,,,,,,,,,
,,,,,,,,,,,,,,,
,,,,,,,,,,,,,,,
,,,,,,,,,,,,,,,
,,,,,,,,,,,,,,,
,,,,,,,,,,,,,,,
,,,,,,,,,,,,,,,
,,,,,,,,,,,,,,,
,,,,,,,,,,,,,,,
,,,,,,,,,,,,,,,
,,,,,,,,,,,,,,,
,,,,,,,,,,,,,,,
,,,,,,,,,,,,,,,
,,,,,,,,,,,,,,,
,,,,,,,,,,,,,,,
,,,,,,,,,,,,,,,
,,,,,,,,,,,,,,,
,,,,,,,,,,,,,,,
,,,,,,,,,,,,,,,
,,,,,,,,,,,,,,,
,,,,,,,,,,,,,,,
,,,,,,,,,,,,,,,
,,,,,,,,,,,,,,,
,,,,,,,,,,,,,,,
,,,,,,,,,,,,,,,
,,,,,,,,,,,,,,,
,,,,,,,,,,,,,,,
,,,,,,,,,,,,,,,
,,,,,,,,,,,,,,,
,,,,,,,,,,,,,,,
,,,,,,,,,,,,,,,
,,,,,,,,,,,,,,,
,,,,,,,,,,,,,,,
,,,,,,,,,,,,,,,
,,,,,,,,,,,,,,,
,,,,,,,,,,,,,,,
,,,,,,,,,,,,,,,
,,,,,,,,,,,,,,,
,,,,,,,,,,,,,,,
,,,,,,,,,,,,,,,
,,,,,,,,,,,,,,,
,,,,,,,,,,,,,,,
,,,,,,,,,,,,,,,
,,,,,,,,,,,,,,,
,,,,,,,,,,,,,,,
,,,,,,,,,,,,,,,
,,,,,,,,,,,,,,,
,,,,,,,,,,,,,,,
,,,,,,,,,,,,,,,
,,,,,,,,,,,,,,,
,,,,,,,,,,,,,,,
,,,,,,,,,,,,,,,
,,,,,,,,,,,,,,,
,,,,,,,,,,,,,,,
,,,,,,,,,,,,,,,
,,,,,,,,,,,,,,,
,,,,,,,,,,,,,,,
,,,,,,,,,,,,,,,
,,,,,,,,,,,,,,,
,,,,,,,,,,,,,,,
,,,,,,,,,,,,,,,
,,,,,,,,,,,,,,,
,,,,,,,,,,,,,,,
,,,,,,,,,,,,,,,
,,,,,,,,,,,,,,,
,,,,,,,,,,,,,,,
,,,,,,,,,,,,,,,
,,,,,,,,,,,,,,,
,,,,,,,,,,,,,,,
,,,,,,,,,,,,,,,
,,,,,,,,,,,,,,,
,,,,,,,,,,,,,,,
,,,,,,,,,,,,,,,
,,,,,,,,,,,,,,,
,,,,,,,,,,,,,,,
,,,,,,,,,,,,,,,
,,,,,,,,,,,,,,,
,,,,,,,,,,,,,,,
,,,,,,,,,,,,,,,
,,,,,,,,,,,,,,,
,,,,,,,,,,,,,,,
,,,,,,,,,,,,,,,
,,,,,,,,,,,,,,,
,,,,,,,,,,,,,,,
,,,,,,,,,,,,,,,
,,,,,,,,,,,,,,,
,,,,,,,,,,,,,,,
,,,,,,,,,,,,,,,
,,,,,,,,,,,,,,,
,,,,,,,,,,,,,,,
,,,,,,,,,,,,,,,
,,,,,,,,,,,,,,,
,,,,,,,,,,,,,,,
,,,,,,,,,,,,,,,
,,,,,,,,,,,,,,,
,,,,,,,,,,,,,,,
,,,,,,,,,,,,,,,
,,,,,,,,,,,,,,,
,,,,,,,,,,,,,,,
,,,,,,,,,,,,,,,
,,,,,,,,,,,,,,,
,,,,,,,,,,,,,,,
,,,,,,,,,,,,,,,
,,,,,,,,,,,,,,,
,,,,,,,,,,,,,,,
,,,,,,,,,,,,,,,
,,,,,,,,,,,,,,,
,,,,,,,,,,,,,,,
,,,,,,,,,,,,,,,
,,,,,,,,,,,,,,,
,,,,,,,,,,,,,,,
,,,,,,,,,,,,,,,
,,,,,,,,,,,,,,,
,,,,,,,,,,,,,,,
,,,,,,,,,,,,,,,
,,,,,,,,,,,,,,,
,,,,,,,,,,,,,,,
,,,,,,,,,,,,,,,
,,,,,,,,,,,,,,,
,,,,,,,,,,,,,,,
,,,,,,,,,,,,,,,
,,,,,,,,,,,,,,,
,,,,,,,,,,,,,,,
,,,,,,,,,,,,,,,
,,,,,,,,,,,,,,,
,,,,,,,,,,,,,,,
,,,,,,,,,,,,,,,
,,,,,,,,,,,,,,,
,,,,,,,,,,,,,,,
,,,,,,,,,,,,,,,
,,,,,,,,,,,,,,,
,,,,,,,,,,,,,,,
,,,,,,,,,,,,,,,
,,,,,,,,,,,,,,,
,,,,,,,,,,,,,,,
,,,,,,,,,,,,,,,
,,,,,,,,,,,,,,,
,,,,,,,,,,,,,,,
,,,,,,,,,,,,,,,
,,,,,,,,,,,,,,,
,,,,,,,,,,,,,,,
,,,,,,,,,,,,,,,
,,,,,,,,,,,,,,,
,,,,,,,,,,,,,,,
,,,,,,,,,,,,,,,
,,,,,,,,,,,,,,,
,,,,,,,,,,,,,,,
,,,,,,,,,,,,,,,
,,,,,,,,,,,,,,,
,,,,,,,,,,,,,,,
,,,,,,,,,,,,,,,
,,,,,,,,,,,,,,,
,,,,,,,,,,,,,,,
,,,,,,,,,,,,,,,
,,,,,,,,,,,,,,,
,,,,,,,,,,,,,,,
,,,,,,,,,,,,,,,
,,,,,,,,,,,,,,,
,,,,,,,,,,,,,,,
,,,,,,,,,,,,,,,
,,,,,,,,,,,,,,,
,,,,,,,,,,,,,,,
,,,,,,,,,,,,,,,
,,,,,,,,,,,,,,,
,,,,,,,,,,,,,,,
,,,,,,,,,,,,,,,
,,,,,,,,,,,,,,,
,,,,,,,,,,,,,,,
,,,,,,,,,,,,,,,
,,,,,,,,,,,,,,,
,,,,,,,,,,,,,,,
,,,,,,,,,,,,,,,
,,,,,,,,,,,,,,,
,,,,,,,,,,,,,,,
,,,,,,,,,,,,,,,
,,,,,,,,,,,,,,,
,,,,,,,,,,,,,,,
,,,,,,,,,,,,,,,
,,,,,,,,,,,,,,,
,,,,,,,,,,,,,,,
,,,,,,,,,,,,,,,
,,,,,,,,,,,,,,,
,,,,,,,,,,,,,,,
,,,,,,,,,,,,,,,
,,,,,,,,,,,,,,,
,,,,,,,,,,,,,,,
,,,,,,,,,,,,,,,
,,,,,,,,,,,,,,,
,,,,,,,,,,,,,,,
,,,,,,,,,,,,,,,
,,,,,,,,,,,,,,,
,,,,,,,,,,,,,,,
,,,,,,,,,,,,,,,
,,,,,,,,,,,,,,,
,,,,,,,,,,,,,,,
,,,,,,,,,,,,,,,
,,,,,,,,,,,,,,,
,,,,,,,,,,,,,,,
,,,,,,,,,,,,,,,
,,,,,,,,,,,,,,,
,,,,,,,,,,,,,,,
,,,,,,,,,,,,,,,
,,,,,,,,,,,,,,,
,,,,,,,,,,,,,,,
,,,,,,,,,,,,,,,
,,,,,,,,,,,,,,,
,,,,,,,,,,,,,,,
,,,,,,,,,,,,,,,
,,,,,,,,,,,,,,,
,,,,,,,,,,,,,,,
,,,,,,,,,,,,,,,
,,,,,,,,,,,,,,,
,,,,,,,,,,,,,,,
,,,,,,,,,,,,,,,
,,,,,,,,,,,,,,,
,,,,,,,,,,,,,,,
,,,,,,,,,,,,,,,
,,,,,,,,,,,,,,,
,,,,,,,,,,,,,,,
,,,,,,,,,,,,,,,
,,,,,,,,,,,,,,,
,,,,,,,,,,,,,,,
,,,,,,,,,,,,,,,
,,,,,,,,,,,,,,,
,,,,,,,,,,,,,,,
,,,,,,,,,,,,,,,
,,,,,,,,,,,,,,,
,,,,,,,,,,,,,,,
,,,,,,,,,,,,,,,
,,,,,,,,,,,,,,,
,,,,,,,,,,,,,,,
,,,,,,,,,,,,,,,
,,,,,,,,,,,,,,,
,,,,,,,,,,,,,,,
